call_id,buyer_id,product_id,product_name,quantity_required,requirement_volume_type,Buyer_Requirement_Type,business_category,variant_attributes_flat,applies_to_specifications,Intent_for_purchase,buyer_sentiment,Is_Seller_deals_in_product,delivery_location,price_expectation,is_high_intent,notes
638646573,16344901,P1,Shriyanka Thermal Label Printer 300 DPI,,unknown,B2B,architectural office,DPI:300;Label Width:2.5 to 4 inch;Thermal Roll Type:thermal roll (not direct thermal);Auto Cutter:required;Use Case:Architectural office labels on envelopes and silver foil for gifting;Daily Label Volume:3-5 labels or less,,purchase thermal label printer for low volume label printing,neutral,yes,,,False,
638653977,255311872,P1,4-Inch Label Printer,,unknown,B2B,,"Printer Size:4 inch;Software:Lifetime free easy label application from Playstore;Warranty:1 year;Included Accessories:Roll stand free;Print Capability:2 inch, 3 inch, 4 inch labels",Printer Size: 4 inch,purchase label printer for e-commerce parcel labeling,neutral,yes,,10500.0,True,
638669797,145710803,P1,Sugarcane Juice Machine,,unknown,B2B,,Model Type:New and Old,,Inquiry for purchase,neutral,yes,,,False,
638826264,77218948,P1,"Wet Tissue Pack, 20 Pieces",,unknown,B2B,,Pack Size:20 pieces;Tissue Size:Approx. half A4 size,Pack Size: 20 pieces,purchase inquiry,neutral,yes,,9.0,True,
638860652,215017361,P1,Natorch Air Compressor 5HP 250-300L Tank,,unknown,B2B,,Power:5 HP;Tank Capacity:250-300 liters;Phase:Three Phase,,purchase air compressor,neutral,yes,Nashik Road,,False,
638911462,71234229,P1,Juice Extraction Machine Small,,unknown,B2B,,Machine Type:Juice Extraction;Size:Small;Engine:Present,,purchase juice extraction machine,neutral,yes,,,False,
638980599,115263902,P1,Canon Xerox Printing Machine Thermal Head MK 1500,,unknown,unknown,,Model Number:MK 1500;Product Type:Thermal Head;Brand:Canon,,inquiry for repair service and part replacement,neutral,yes,,,False,
639001620,115263902,P1,Thermal Plate,,unknown,unknown,,,,price inquiry,neutral,partial,,,False,
639028363,235090901,P1,Manual Kanna Machine Green,,unknown,B2B,,Machine Type:Manual;Color:Green,,purchase inquiry,neutral,yes,Bhivandi,,False,
639058009,218556470,P1,Seryas Billing Printer 80mm,,unknown,B2B,,"Paper Width:80 mm;Connectivity:Mobile, Laptop, Wifi;Auto Cutter:Yes;Warranty:1 year",Paper Width: 80 mm,purchase inquiry,neutral,yes,,4500.0,True,
639058746,218556470,P1,"Printer, 58 mm",,unknown,B2B,,Printer Size:58 mm,Printer Size: 58 mm,purchase printer,neutral,yes,,1700.0,True,
639069156,218556470,P1,Printer,,unknown,unknown,,,,purchase printer,positive,yes,,1700.0,True,
639242387,11448831,P1,"Thermal Receipt Printer, 4-Inch CD 410",,unknown,B2B,retail of printing and labeling equipment,Printer Type:Thermal Receipt Printer;Print Width:4 inch;Model:CD 410,,resell to end customers,positive,yes,buyer specified customer address,,False,
639267471,77543878,P1,Vegetable Cutter Machine For Salad,,unknown,B2B,,"Usage Type:Professional;Daily Cutting Capacity:300-500 kg;Operation Type:Manual/Automatic/Semi-Automatic;Functions:Cutting, Shredding, Peeling;Finish Quality:Good",,Purchase vegetable cutter machine for professional salad preparation and resale,neutral,yes,,77.0,True,
639271912,84338326,P1,Papad Machine,,unknown,unknown,,,,inquiry,neutral,yes,Shirdi,,False,
639396599,195934901,P1,Barcode Label Printer 4 Inch,,unknown,B2B,supermarket,Printer Type:Barcode Label Printer;Size:4 Inch,Printer Type: Barcode Label Printer,purchase label printing machine for supermarket use,positive,yes,,4500.0,True,
639472129,214283379,P1,YemoX Pro Cutto Machine,2 pieces,wholesale,B2B,,Warranty:6 months,Brand: YemoX Pro,purchase,neutral,yes,Delhi Azadpur,6400.0,True,
639498103,50319676,P1,Maratha Chakki Machine 2HP,,unknown,B2B,,Power:2 HP;Brand:Maratha,Brand: Maratha; Power: 2 HP,Purchase of 2 HP chakki machine for home use,positive,yes,,12500.0,True,
639536764,254280789,P1,Garlic Peeling Machine 100 Kg Per Hour Capacity Full Setup,,unknown,B2B,,Capacity:100 kg per hour;Setup Components:Full setup including breaker and dryer,,purchase garlic peeling machine with full setup,neutral,unknown,,,False,
639542132,88128856,P1,Bluetooth Thermal Printer 2 Inch,,unknown,B2B,,Connectivity:USB and Bluetooth;Paper Width:2 inch;Auto Cutter:Yes;Usage:Shop billing,Paper Width: 3 inch,Purchase for shop billing,neutral,yes,,4500.0,True,
639800568,17540813,P1,Bluetooth Receipt Printer 2 Inch,1 piece,retail,B2B,,Connectivity:Bluetooth;Printer Type:Receipt Printer;Print Width:2 inch,,purchase,neutral,yes,,,False,
639894623,244196654,P1,Vacuum Cleaner 30 Liter,,unknown,B2B,,Capacity:30 liters,,purchase vacuum cleaner for site,neutral,yes,,,False,
639924255,150185454,P1,Imported Geyser Spare Parts,,unknown,B2B,refrigeration and AC spare parts dealing,,,price inquiry for geyser spare parts,neutral,yes,,,False,
640001713,102546784,P1,MOOF Pro Pipe 10 Inch,1 piece,retail,B2B,,Size:10 inch;Brand:MOOF Pro,Size: 10 inch,contract system/personal use,neutral,yes,,5200.0,True,
640043857,30937636,P1,Makpro Meter Search 10 Inch,,wholesale,B2B,,Blade Size:10 inch;Warranty:6 months,Blade Size: 10 inch,inquiry/possible future purchase,neutral,yes,Delhi Azadpur,9000.0,True,
640051635,107660868,P1,"Ferrule Tube, 3 Square Mm",,unknown,B2B,engineering,Size:3 square mm;Bundle Length:100 meters,Size: 3 square mm,purchase ferrule tubes for cable tagging,positive,yes,,2.15,True,
640067743,225273914,P1,Lita Bin Printer Machine Roller,,unknown,B2C,,Product Type:Printer Machine Roller;Brand:Lita Bin;Issue:Roller not working properly,,repair service inquiry,neutral,partial,,,False,
640212121,134160851,P1,Drill Machine 20mm,65 pieces,wholesale,B2B,,Size:20 mm,Size: 20 mm,resale,neutral,yes,,1250.0,True,
640222751,103658699,P1,Sriyansh Label Sticker Printer Model 368D,1 piece,retail,B2B,,"Model Number:368D;Label Size Range:1 inch to 2 inch;Included Accessories:Adapter, USB cable, 2 label stickers (1000 labels);Software:Included free",Model Number: 368D,purchase one label printer,neutral,yes,All over India (Pan India),4500.0,True,
640335642,186347151,P1,Ferrule Tube 2.7mm,,unknown,B2B,,"Size:2.7mm (buyer requested), 2.8mm (seller available)",,purchase ferrule tubes,neutral,yes,,,False,
640373110,248857939,P1,Thermal Receipt Printer 3-Inch,,unknown,B2B,,Printer Type:Thermal;Print Width:3 inches;Usage:Shop/Supermarket,,purchase thermal receipt printer for shop use,neutral,yes,,,False,
640439732,245283500,P1,Havells Capacitor 2.5 MFD,200 pieces,wholesale,B2B,,Capacitance:2.5 MFD,,purchase,neutral,partial,,,False,
640448844,112230231,P1,Shreyansh Billing Machine POS System 3-Inch Printer Android OS,,unknown,B2B,,Printer Size:3 inch;Operating System:Android;Display:Text board plus display;Power Supply:Power using;Software:One year free software including mobile software,Operating System: Android,purchase billing machine POS system,positive,yes,,30000.0,True,
640523446,93297367,P1,Epson Label Tape LK4WBN,,unknown,B2B,,,Model: LK4WBN,purchase inquiry,positive,yes,"Talawade, Pune",560.0,True,
640567919,9007991,P1,Printer Cartridge For Mask Label Printer,,unknown,B2B,,Product Type:Printer Cartridge;Application:Mask Label Printing,,inquiry for compatible printer cartridge,neutral,partial,,,False,
640613763,255825718,P1,Bike Cover Umbrella,1 piece,retail,unknown,,,,purchase for use,neutral,yes,buyer address,1500.0,True,
640764464,133856124,P1,Popcorn Machine,,unknown,B2B,,Intended Use:Cinema Hall;Delivery Location:Jalgaon District,,Purchase popcorn machine for cinema hall,neutral,yes,Jalgaon District,,False,
640804988,12525995,P1,Bluetooth Printer,200 pieces,wholesale,B2B,,Use Case:Election,Use Case: Election,purchase for election use,neutral,yes,,1250.0,True,
640812166,69815260,P1,Pherol Printing Machine Manual Model,,unknown,unknown,,Printing Method:Manual typing,,requesting price quotes for two models,neutral,yes,,,False,
640819587,74745381,P1,Garlic Peeling Machine,,unknown,B2B,,,,purchase inquiry,positive,yes,,,True,
640874556,255882574,P1,Partex Ferrule Sleeve 10mm White,,unknown,unknown,,Brand:Partex;Size:10 mm;Color:White,,inquiry for product availability,neutral,yes,,,False,
640896094,234429531,P1,Mlan Texon Mok Pro Washer Pump M1 Model,10 pieces,unknown,B2B,,Model:M1,,purchase inquiry for 10 washer pumps,neutral,yes,,,False,
640931593,87782922,P1,Receipt Printer With Screen,,unknown,B2B,stationery shop,Printer Type:Receipt Printer;Screen:Included;Printer Size:2 inch or 3 inch,,purchase billing printer with screen for shop use,neutral,yes,,,False,
640951114,79046811,P1,Garlic Peeling Machine,,unknown,B2B,,,,purchase inquiry,neutral,yes,,11500.0,True,
640999397,28409348,P1,Posiflo 2D Wireless Handheld Barcode Scanner,,wholesale,B2B,,Type:2D Wireless Handheld,,purchase for distribution,neutral,yes,,,False,
641039804,107561453,P1,Billing Printer 2-Inch,,unknown,B2B,,Printer Type:Billing Printer;Print Width:2 inch,,purchase billing printer,neutral,yes,,,False,
641094291,228461954,P1,PCB Compressor 300 Bar,,unknown,B2B,,Pressure Rating:300 bar;Usage:Air Gun;Oil Type:Oil or Oil-Free,,Purchase PCB compressor for air gun use,neutral,yes,,,False,
641306420,235877892,P1,Shyan Fido Solution Windows Desktop Touchscreen POS Machine With Software And Thermal Printer,,retail,B2B,grocery store,"Operating System:Windows;Form Factor:Desktop Touchscreen;Software Included:Yes, free with machine;Thermal Printer:Included;Software Features:Inventory management (3000+ items), sales reports (daily, weekly, monthly), category-wise inventory, cloud-based data saving;GST Data Disclosure:No automatic government disclosure unless GST added",Operating System: Windows,Purchase POS machine with software for retail billing,positive,yes,Buyer location or via courier,45000.0,True,
641372528,254436520,P1,Mokro Piston Pump 6.5 HP,1 piece,unknown,B2B,,Capacity:6.5 HP;Category:Piston Pump,Capacity: 6.5 HP,personal use,positive,yes,,5500.0,True,
641476515,49060277,P1,Srilaxmi Atta Chakki 2HP,,unknown,B2B,,Power:2 HP,Power: 2 HP,purchase enquiry,positive,yes,,14500.0,True,
641487115,256061570,P1,Drilling Machine 20mm,5 kg,unknown,B2B,,Size:20 mm,Size: 20 mm,purchase drilling machine,neutral,yes,Sandur near Ballari,2000.0,True,
641499481,121493527,P1,POS Machine Android,,unknown,B2B,,Operating System:Android,Operating System: Android,purchase,positive,yes,,35000.0,True,
641813606,255364043,P1,Thermometer POS Machine,,unknown,unknown,,Product Type:Thermometer POS Machine,,inquiry,neutral,yes,,,False,
641893295,139785679,P1,Umbrella Canopy For Scooter Activa,2-3 pieces,wholesale,B2B,,Compatible Vehicle:Scooter Activa,Compatible Vehicle: Scooter Activa,purchase for use or resale,positive,yes,Delhi or Chandigarh,1500.0,True,
641971766,66036475,P1,Mock Pro Tile Cutter 2 Feet,,unknown,B2B,,Brand:Mock Pro;Size:2 Feet,Brand: Mock Pro; Size: 2 Feet,purchase tile cutter,neutral,yes,,6200.0,True,
641972129,194984753,P1,KP307 Desktop Thermal Printer,,unknown,B2B,retail solutions,"Model:KP307;Connectivity:USB, Bluetooth, WiFi, LAN;Type:Desktop Thermal Printer;Warranty:1 year;Driver Support:Windows and Android",Model: KP307,purchase thermal printer for system use,neutral,yes,Ranibag area (seller location),4800.0,True,
642073861,180930188,P1,Max Letter Ribbon Cartridge,,unknown,B2B,,,,purchase ribbon cartridge,neutral,partial,,,False,
642114542,101613460,P1,SRS 421 Thermal Receipt Printer Wifi LAN USB Bluetooth,,unknown,B2B,,"Connectivity:Wifi, LAN, USB, Bluetooth",,purchase inquiry for wifi-enabled thermal receipt printer,neutral,yes,,,False,
642117936,36984089,P1,SSI Sugar Cane Machine Casting Roll,,unknown,B2B,,Roll Type:Casting,Roll Type: Casting,purchase inquiry,neutral,yes,Nasik and Raigad mentioned as seller locations,24500.0,True,
642253360,247811455,P1,Electric Popcorn Machine,,unknown,B2B,,Power Source:Electric;Delivery Location:Andhra Pradesh,Power Source: Electric,purchase popcorn machine,neutral,yes,Andhra Pradesh,14500.0,True,
642255068,247811455,P1,Popcorn Machine Light Variant,,unknown,unknown,,Power Type:Light,Power Type: Light,purchase popcorn machine,neutral,yes,"Andhra Pradesh, Anantapur district, Kadri",14500.0,True,
642489222,190927666,P1,Compressor Small Capacity,1 piece,wholesale,B2B,,,Capacity: small,purchase inquiry,neutral,yes,,5650.0,True,
642550148,124860749,P1,PVC Sleeve 4.5 mm,,unknown,unknown,,"Material:PVC;Size:4.5 mm;Color:White (default), Black not available",,inquiry for availability,neutral,partial,,,False,
642574835,20563398,P1,"Tile Cutting Tool, 2-Foot Blade",,unknown,B2B,,Blade Size:2 feet;Cutting Capability:Full body vitrified tile up to 2 feet;Guarantee:6 months,Blade Size: 2 feet,tile cutting tool for full body vitrified tiles,neutral,yes,New Delhi Azadpur,2800.0,True,
642605137,185163054,P1,Cabbage Shredding Machine Small,,unknown,B2B,,Machine Size:Small,,purchase inquiry,positive,yes,,,False,
642626208,46144858,P1,Shirian Thermal Printer 3-Inch,,unknown,unknown,,Print Width:3 inch,,,neutral,yes,,,False,
642640747,160614693,P1,Brother Face 3071271,,unknown,unknown,,Product Code:3071271,,inquiry for specific product,neutral,yes,Maharashtra,,False,
642939902,194020457,P1,Shreyaansh PL 240 Printer,,unknown,B2B,,,,inquiry,neutral,yes,,,False,
642974170,251369558,P1,Wala Supreme Enterprise Printing Machine,,unknown,unknown,,Function:Printing with motor reverse issue,,repair or troubleshooting,neutral,unknown,,,False,
643001456,43433778,P1,Brother Fitting White Size 9,,unknown,B2B,,Brand:Brother;Color:White;Size:9,,inquiry,neutral,yes,,,False,
643027958,251167913,P1,Barcode Label Printer Black and White,,unknown,B2B,,Color Capability:Black and White Only,,Inquiry for barcode label printer and labels,neutral,yes,,,False,
643102744,30140010,P1,Bapu Machinery Pulverizer 5HP Single Phase,,unknown,B2B,,Power:5 HP;Phase:Single Phase,Power: 5 HP; Phase: Single Phase,purchase inquiry,neutral,yes,,160000.0,True,
643179086,141547000,P1,Hammer 5 Kg,1 piece,unknown,B2B,,Weight:5 kg,Weight: 5 kg,purchase,neutral,yes,"Teothar Tehsil, Rewa District, MP",7500.0,True,
643260776,251868675,P1,Sukh Vyan Black Ribbon,,unknown,B2B,,Color:Black;Brand:Sukh Vyan,Color: Black; Brand: Sukh Vyan,purchase inquiry,neutral,yes,Kolkata,750.0,True,
643439579,157112899,P1,Epson LW 400 Label Printer,,unknown,B2B,corporate supplies,Product Model:LW 400;Brand:Epson,,resale,neutral,yes,Pune,,False,
643710907,229284132,P1,Mokro AC Capacitor,,unknown,B2B,,Brand:Mokro;Type:AC Capacitor,,purchase AC capacitor,neutral,yes,,,False,
644006524,120268108,P1,Cable Marking Printer,,unknown,unknown,,,,inquiry,neutral,yes,,,False,
644020832,139524287,P1,Atta Chakki Flour Mill 14 Inch Single Phase 3 HP Motor,,unknown,B2B,,Size:14 inch;Motor Power:3 HP;Motor Phase:Single Phase,Size: 14 inch; Motor Power: 3 HP; Motor Phase: Single Phase,purchase commercial atta chakki,neutral,yes,"Nashik, Panchavati",,True,
644031073,120268108,P1,Second-Hand Printing Machine,,unknown,B2B,,"Condition:Second-Hand;Warranty:3 months;Spare Parts Replacement:All spare parts replaced except keyboard, keyboard display, and motherboard;Machine Type:Standard",,Evaluate second-hand printing machines or printing services,neutral,yes,,,True,
644061593,256669606,P1,Grinding Mill Stone Type 14 Inch 3HP Motor,,unknown,B2B,,Type:Stone;Size:14 Inch;Motor Power:3 HP,Size: 14 Inch; Motor Power: 3 HP; Type: Stone,Purchase for domestic use,neutral,yes,,28500.0,True,
644082513,29436751,P1,Gokul Grinding Machine 6HP Single Phase,,unknown,B2B,,Power:6 HP;Phase:Single Phase;Grinding Capacity:40 kg per hour,Power: 6 HP,Inquiry for grinding machines,neutral,yes,"Nashik, Maharashtra",40000.0,True,
644246857,256714984,P1,Handheld Building Machine,1-2 units,unknown,B2B,,,,inquiry for purchase,neutral,unknown,Bangalore,,False,
644248382,35406520,P1,Halogen Lamp,1000 pieces,wholesale,B2B,,,,purchase inquiry for halogen lamps,neutral,partial,,,False,
644299897,256722919,P1,SREN Spindle Model 710 With USB Wi-Fi Bluetooth LAN,30 pieces,wholesale,B2B,,"Connectivity:USB, Wi-Fi, Bluetooth, LAN","Connectivity: USB, Wi-Fi, Bluetooth, LAN",purchase spindles for use or resale,positive,yes,,4500.0,True,
644300508,46253198,P1,MB 55 Handle Coding Machine Android,,unknown,B2B,,Model:MB 55;Type:Handle Coding Machine;Operating System:Android;Power Source:Charging,Model: MB 55,purchase handle coding machine,neutral,yes,,20000.0,True,
644366835,254740195,P1,Shreyans Thermal Printer SRS KP307 3-Inch 80mm,,unknown,B2B,,Model:SRS KP307;Print Width:80 mm;Print Speed:200 mm/sec,,inquiry for purchase,neutral,yes,Hyderabad,,False,
644502140,185423791,P1,Supoavan Thermal Printing Machine PC Connectivity,2 pieces,wholesale,B2B,,"Brand:Supoavan;Connectivity:PC Connectivity;Sticker Printing Widths:6 mm, 9 mm, 12 mm;Sticker Length:16 meters;Ribbon Length:100 meters;Warranty:12 months with 1 free service;Free Accessories:Adapter, power cord, ribbon machine, label tape, wire bundle (3 mm to 4.2 mm)",Connectivity: PC Connectivity,Purchase thermal printing machines for office use and spares,positive,yes,unknown,36500.0,True,
644582354,68347652,P1,Geyser,177 pieces,wholesale,B2B,,,,purchase,unknown,unknown,,,False,
644686180,205252019,P1,Welding Machine 300 Ampere,,unknown,B2B,,Current Capacity:300 Ampere;Type:Regular,,purchase welding machine,neutral,yes,Yeola,,False,
644736152,256828522,P1,Ghar Guti,,unknown,unknown,,,,,neutral,yes,,12500.0,False,
644802070,205252019,P1,Welding Machine,,unknown,unknown,,,,,neutral,unknown,,,False,
644845339,153133177,P1,Thermostat,,unknown,B2B,,,,inquiry,neutral,yes,,,False,
644852683,256862821,P1,Mockpro Drill Machine 20mm,1 piece,retail,B2B,,Size:20 mm;Warranty:6 months,Size: 20 mm,purchase for use,neutral,yes,Kolhapur,2000.0,True,
644854689,100502312,P1,Mobile Printer 2 Inch Basic Model,60 pieces,wholesale,B2B,digital solutions / printing supplies,Size:2 inch;Model Type:Basic;Warranty:1 year,Model Type: Basic,purchase 60 mobile printers for resale or business use,neutral,yes,"Mumbai area, Palghar district",1150.0,True,
644857073,42695090,P1,Thermostat,1 piece,retail,B2B,,,,inquiry for retail purchase,neutral,yes,Dwarka,,False,
644889048,100502312,P1,Shreyans Printer Model 1150,,wholesale,B2B,,Printing Speed:Lower than 1200 model;Battery Durability:Lower than 1200 model;Body Size:Smaller than 1200 model;Branding:Shreyans or without branding;Box Quantity:48 pieces per box,Model: 1150,purchase printers,neutral,yes,seller location,1150.0,True,
644926930,256870246,P1,2 HP Cutter Boxed Variant,,unknown,B2B,,Power:2 HP;Packaging:Box;Type:Home Use,,purchase inquiry for home use cutter,positive,yes,Sinnar,,False,
644961654,251868675,P1,Suub Van Black Ribbon,2 pieces,wholesale,B2B,,Color:Black;Brand:Suub Van,Color: Black,purchase for use,positive,yes,Kolkata city and 20 km outside,950.0,True,
645001337,251868675,P1,Suddan Black Ribbon 100 Meter,2 pieces,unknown,B2B,,Length:100 meters;Color:Black,,urgent purchase,positive,yes,Kolkata,,False,
645191735,251868675,P1,Unknown Product for Isosceles Company,,unknown,unknown,,,,purchase and receive product shipment,positive,unknown,Kolkata,130.0,True,
645387173,3419924,P1,Imported Tile Cutter 24 Inch,1000 pieces,wholesale,B2B,,Size:24 inch;Origin:Imported;Pieces per Carton:4,Size: 24 inch; Origin: Imported,purchase tile cutters,positive,yes,,1800.0,True,
645465016,124996714,P1,Supvan Cable ID Printer TP76E PC Connected,,unknown,B2B,,Model:TP76E;Connectivity:PC Connected,,company use,neutral,yes,,,False,
645519421,236205498,P1,Thermal Pocket Printer 3 Inch,100 pieces,wholesale,B2B,,Print Width:3 Inch;Technology:Thermal,,purchase for resale,positive,yes,,,False,
645533724,124996714,P1,TP 76E Printer,,unknown,B2B,,,Model: TP 76E,project work,neutral,yes,"Pune, UP (Faridabad to Gurgaon), Kolkata, Madhya Pradesh, Chennai, Bombay",46500.0,True,
645539221,110288323,P1,Supwan Ferrule Cable Marker Printer With PC Connectivity,,unknown,B2B,,"Warranty:1 year;Warranty Exclusions:Tube adjuster, cutter, thermal head (wear and tear parts);Ribbon Length:100 meters;Ferrule Size Range:2.2 mm to 12 mm;Compatible Wire Size:2.5 sq mm (example), up to 16 sq mm;Files Storage Capacity:64 files, up to 12 lakh characters;Label Sticker Sizes:6 mm, 9 mm, 12 mm;Technology:Thermal transfer;Ink Ribbon Color:Black standard; white and red available on special order",Product: Supwan Ferrule Cable Marker Printer,purchase printer machine and consumables,positive,yes,,36500.0,True,
645541308,110288323,P1,Ribbon,,unknown,B2B,,,,approval and purchase for factory use,positive,yes,,,False,
645651646,10272775,P1,Mock Pro Petrol Pump Set 3 Inch Aluminium Connector,100 pieces,wholesale,B2B,,Brand:Mock Pro;Product Type:Petrol Pump Set;Size:3 Inch;Connector Material:Aluminium,Size: 3 Inch; Connector Material: Aluminium,price comparison and quality evaluation,neutral,yes,,5800.0,True,
645659518,184075734,P1,Aluminum Cutter Machine Millimeter Scale,2 pieces,wholesale,B2B,,Cutting Material:Aluminum;Scale Type:Millimeter,Cutting Material: Aluminum; Scale Type: Millimeter,purchase,positive,yes,Delhi,5500.0,True,
645886659,76537258,P1,"Aata Pisne Ka Machine, Home Use, 5 Kg Per Hour",,unknown,B2B,,"Usage Type:Home Use;Grinding Capacity:5 kg per hour;Packaging:Plywood box pack;Material Quality:Heavy quality, stainless steel body implied",Usage Type: Home Use; Grinding Capacity: 5 kg per hour,purchase inquiry,neutral,yes,,11000.0,True,
645914156,93500968,P1,"Printing Sleeve Tube, 3.2 mm, 100 Meter Roll",,wholesale,B2B,,Size:3.2 mm;Length:100 meter;Color:White,Size: 3.2 mm; Length: 100 meter,purchase inquiry,positive,yes,Yamuna Nagar near Modern School,225.0,True,
646053919,85033937,P1,Garlic Chilli Machine Nashik Made,,unknown,B2B,,Manufacturing Location:Nashik,,inquiry for purchase,neutral,yes,,,False,
646114678,10272775,P1,Mocpro Water Pump Set 3-Inch,100 pieces,wholesale,B2B,,Brand:Mocpro;Connector Material:Aluminum;Size:3 inch,Brand: Mocpro; Size: 3 inch,purchase for resale or distribution,neutral,yes,Agra,5600.0,True,
646261587,55706061,P1,Sharda Enterprises Tabletop Printing Machine TP70E,,unknown,B2B,,"Model:TP70E;Type:Manual Printer;PC Connectivity:No;Printing Surface:Cable tube, label, heat shrink cable;Installation Requirement:None (plug and play)",,Resell,positive,yes,,,False,
646353197,257213417,P1,Gas Geyser Lighter Box,50 pieces,wholesale,B2B,,Product Type:Lighter Box for Gas Geyser,Product Type: Lighter Box for Gas Geyser,purchase inquiry,neutral,yes,Noida,150.0,True,
646374211,10272775,P1,Mokpro Petrol Water Pump Set 3x3 Inch,100 pieces,wholesale,B2B,,Size:3x3 inch;Brand:Mokpro,Brand: Mokpro; Size: 3x3 inch,purchase for resale or distribution,neutral,yes,Delhi to Agra (buyer referenced),5800.0,True,
646376923,193728516,P1,Cashew Printer Sticker 12mm x 9mm Red,3 pieces,wholesale,B2B,,Color:Red;Size:12 mm x 9 mm,,urgent purchase,neutral,partial,,,False,
646381789,257210650,P1,Dew Grinder Atta Machine 5Kg,,unknown,B2B,,Capacity:5 kg,Capacity: 5 kg,purchase inquiry,neutral,yes,,14000.0,True,
646413800,77632251,P1,Popcorn Machine Electric,,unknown,B2B,,Power Type:Electric,,purchase inquiry and sample inspection,positive,yes,Nashik,,False,
646495107,257249598,P1,Gas Geyser Lighter Double Point,10 pieces,unknown,B2B,,Type:Double Point,Type: Double Point,price inquiry and potential purchase,neutral,yes,Delhi,200.0,True,
646855635,151605260,P1,Epson Label Printer LW700,,unknown,B2B,,Model:LW700,,immediate purchase,positive,partial,"Pune, Kalyani Nagar",,False,
646857763,40713061,P1,Ferrule Printing Machine Ribbon,,unknown,unknown,,Application:Ferrule Printing Machine,,inquiry for availability,neutral,yes,,,False,
646983749,224206369,P1,Quartz And Halogen Heater Rod,,wholesale,B2B,electronics manufacturing,Type:Quartz and Halogen,,resale/regular supply,positive,yes,,,False,
647013232,51422428,P1,Windows Touch Screen POS Machine Desktop,,unknown,B2B,Garments,Operating System:Windows;Form Factor:Desktop;Touch Screen Size:15.6 inch;Printer:External printer required for barcode and scanner;Customer Display:Included (small LCD);CPU:Inbuilt CPU compatible with i3;Heavy Duty Usage:Yes,Operating System: Windows,Purchase Windows-based POS machine for garment business,neutral,yes,,30000.0,True,
647068849,180874980,P1,"Label Tape, White, 9mm",2 pieces,wholesale,B2B,,Color:White;Size:9mm;Compatible Printer:One One One Printer TP 70E,Size: 9mm,purchase label tapes for printer use,positive,yes,"Harapsar, Pune",770.0,True,
647110808,243238626,P1,Ginger Peeling Machine,,unknown,B2B,Spice Company,"Function:Peeling, not crushing",,Purchase ginger peeling machine,neutral,partial,,,False,
647207360,213810738,P1,Garlic Peeling Machine Small,,unknown,B2B,,Size:Small,Size: Small,purchase inquiry,positive,yes,"Nashik, Panchavati, Malegaon Stand",12500.0,True,
647267983,72227690,P1,Gas Geyser Circuit,2 pieces,wholesale,B2B,,Product Type:Circuit for Gas Geyser,,repairing,neutral,partial,,,False,
647275719,213810738,P1,Lakshmi Solapur Machine Small Variant,,unknown,B2B,,Variant:Small,Variant: Small,purchase inquiry,neutral,yes,,12500.0,True,
647345583,142518417,P1,Printer Machine TP 70E,,unknown,unknown,,Model:TP 70E;Issue:Cut numbers printing incorrectly after Wi-Fi;Location:Mumbai,,service and troubleshooting,neutral,partial,,,False,
647377483,121466293,P1,"Chromo Labels 4x6, 90 GSM Roll",10000 pieces,wholesale,B2B,,Size:4x6 inches;Material:Chromo;Roll GSM:90 gsm;Roll Quantity:200 pieces per roll,Roll Quantity: 200 pieces per roll; Roll GSM: 90 gsm,purchase for monthly usage,neutral,yes,,0.9,True,
647435234,195792020,P1,Screen Auto Cutter,1 piece,retail,B2B,,Software Compatibility:Compatible with any software including Ego software,Software Compatibility: Compatible with any software including Ego software,purchase inquiry,neutral,yes,,4500.0,True,
647537880,194251661,P1,Mallcom Fixon Vacuum Cleaner 30 Litre,,unknown,B2B,,Capacity:30 litre;Type:Vacuum Cleaner;Brand:Mallcom Fixon,,Import and resell car cleaning equipment,positive,yes,,,False,
648103432,110494798,P1,Level Printer For Paper Labels,,unknown,B2B,,Label Material:Paper;Application:Bottle Labelling,Label Material: Paper,Purchase labelling machine for bottle labelling,neutral,partial,buyer location,4500.0,True,
648142096,153578193,P1,TP 70 Printing Machine Cartridge,,wholesale,B2B,,Compatible Machine Model:TP 70,Compatible Machine Model: TP 70,purchase cartridge for TP 70 printing machine,positive,yes,unknown,900.0,True,
648210716,238617305,P1,Thermal Printer 3 Inch,1 piece,retail,B2B,,Print Width:3 inch;Connectivity:Multiple;Usage:Billing with My BillBook software on laptop,,Purchase for billing use,positive,yes,,,False,
648451171,209356540,P1,Vacuum Cleaner 30 Liter,2 pieces,retail,B2B,,Capacity:30 Liter,,resale,neutral,yes,"Tri Nagar, Kanhaiya",,False,
648482248,59432694,P1,Offline POS Machine,,unknown,B2B,fertilizers,Connectivity:offline;Intended Use:fertilizers business,,purchase offline POS machine for fertilizer business,neutral,partial,,,False,
648494100,57771617,P1,Farsan Machine 9 Inch,,unknown,B2B,,Size:9 inch,Size: 9 inch,purchase farsan machine,neutral,yes,,24000.0,True,
648504023,257406947,P1,Automatic Sugarcane Crusher Machine,,unknown,B2B,,Type:Automatic;Capacity:Approx. 150 to 240 glasses per hour;Material Processed:Sugarcane (guradasati),Type: Automatic,purchase crusher machine for sugarcane processing,neutral,yes,,10.0,True,
648552499,120498092,P1,Leta Twin Ferrule Printing Machine PC Connectivity Model,,wholesale,B2B,printing machinery distribution,Connectivity:PC Connectivity;Brand:Leta Twin;Manufacturing Origin:Made in China,,purchase for resale,neutral,yes,Jalna,,False,
