pns_call_record_id,pns_call_receiver_glusr_id,pns_call_record_date,pns_call_duration,pns_call_record_started_at,pns_call_record_ended_at,pns_call_caller_glusr_id,pns_call_caller_city_id,pns_call_modrefname,pns_call_ref_prime_mcat,pns_call_ref_prime_mcat,pns_call_recording_url
645539221,24108739,43:38.0,919,13:43:38,13:58:57,110288323,70426,,Label Tape,Label Tape,https://openapi.airtel.in/gateway/airtel-xchange/callv2/recording?token=JA3YrJY3sx0JfDnC/rFhEdIw04lhooDoktGYhAWn1XsWPaH3YPlgR56b9ZJaWuBF9OhEVrQiopXIuiyu8b4Ppq2TcxnrUSHdsq3N9FINhng8sHglrMUdhd89HQMqPPVc
647068849,24108739,44:12.0,694,18:44:12,18:55:46,180874980,70435,,Label Tape,Label Tape,https://openapi.airtel.in/gateway/airtel-xchange/callv2/recording?token=c 4QXiRe0nYrelDhNhywfIabIalEuqtJ4CQrnrdx60LeulyG2VF5iqtBMU69T2lEe7w6nJKtbMvtMkpbWcxnNHGbBspMQMJd57TYdxHnnS3xQQQrPAlsRQpImVcgwjUG
647345583,24108739,57:21.0,606,10:57:21,11:07:28,142518417,70624,Ferrule Printing Machine Supvan TP70E,Ferrule Printing Machine,Ferrule Printing Machine,https://openapi.airtel.in/gateway/airtel-xchange/callv2/recording?token= o5N2L8VJ72KOQXGqSsiK4abIalEuqtJ4CQrnrdx60IxeSUAdP/gVZPvr9mIw18Ur4UPUsNhZ0u2QogCec0ILPOrUV9yOUAIkLvJDYFjw6psgRp 3CtKDba6WJAFAseS
647013232,152298969,39:00.0,488,15:39:00,15:47:08,51422428,73701,Shreyans SRS95A with Inbuilt Printer & Free Billing Software,POS Touch Screen,POS Touch Screen,https://openapi.airtel.in/gateway/airtel-xchange/callv2/recording?token=c 4QXiRe0nYrelDhNhywfIabIalEuqtJ4CQrnrdx60K6ZnW kja6nG1 M25hZOUKjjrLny1lg1m DxU4YecPdaLt2YXNu3g7j/dSfZxwpw5sgRp 3CtKDba6WJAFAseS
641306420,152298969,31:21.0,447,13:31:21,13:38:49,235877892,70624,,Thermal Receipt Printer,Thermal Receipt Printer,https://openapi.airtel.in/gateway/airtel-xchange/callv2/recording?token=fveH9k1B8PDwukJz tCIqoabIalEuqtJ4CQrnrdx60LTHYksT9YuY9giZ2Y47qqsQKyAoHdQ ur1O5pGqvmHDeUoKqCDxKK0KV4/XXHMfStsgRp 3CtKDba6WJAFAseS
644502140,24108739,43:41.0,367,12:43:41,12:49:49,185423791,70630,,Label Tape,Label Tape,https://openapi.airtel.in/gateway/airtel-xchange/callv2/recording?token=Fsyd1DGe ApO3WV0LB0PDtIw04lhooDoktGYhAWn1XtbpVXQx3EF JMehcpbDa lrzFZjVGCgbVvC6lTD d0U2dw79dGIYbYSFhf9B/8w1A8sHglrMUdhd89HQMqPPVc
641464496,5057661,34:59.0,361,10:34:59,10:41:00,89226609,70751,,Flap Wheels,Flap Wheels,https://openapi.airtel.in/gateway/airtel-xchange/callv2/recording?token=jDNElsb9CiRJX/BcigFCNoabIalEuqtJ4CQrnrdx60I8SnNgalXbM1D1bmPgnxLaw1EjZrvDBCqv0pkxTahOPayhdLOECfxZ0GIZZkVVZJRsgRp 3CtKDba6WJAFAseS
645541308,24108739,59:07.0,353,13:59:07,14:05:01,110288323,70426,,Label Tape,Label Tape,https://openapi.airtel.in/gateway/airtel-xchange/callv2/recording?token=JA3YrJY3sx0JfDnC/rFhEdIw04lhooDoktGYhAWn1XsE9Ep8bmXRUSuUpQ60eQ SVuxCKK31t4WDtABNn/WcAWF15Tv54BZUbvfUZIbM1x1sgRp 3CtKDba6WJAFAseS
642574835,42728554,34:45.0,333,12:34:45,12:40:18,20563398,69514,Manual Tile Cutter,Tile Cutters,Tile Cutters,https://openapi.airtel.in/gateway/airtel-xchange/callv2/recording?token=0Oteys8wl5upA7YX3 3vfNIw04lhooDoktGYhAWn1XsUlj6/1j3Z0Hy1KBhpS7n1UCzAWv3Zzb2Xc4GjBihmvFVqMCZrfWfPYIoe27R0KMI8sHglrMUdhd89HQMqPPVc
644852683,42728554,11:58.0,322,13:11:58,13:17:22,256862821,70620,MOKPRO Rotary Hammer Drill,Rotary Hammer Drill,Rotary Hammer Drill,https://openapi.airtel.in/gateway/airtel-xchange/callv2/recording?token=9UqBYgzG6RCmdfoPKNthKNIw04lhooDoktGYhAWn1XtTtM9K5VGHtEukijnD9yYuBeSq0I2GV61B568ea/K1kW8UkEkD7U OXaRvuQAp6SI8sHglrMUdhd89HQMqPPVc
643439579,24108739,53:19.0,316,15:53:19,15:58:36,157112899,70778,,Epson Barcode Printer,Epson Barcode Printer,https://openapi.airtel.in/gateway/airtel-xchange/callv2/recording?token=tmDV/vLQr8gO4B6IjvSd5tIw04lhooDoktGYhAWn1XvD4NtGwDsoWN8r9mHfQxEf42mcz5LBoB7YIkmq/BZIkhHaN5kHmvRxhMH82QAYEx88sHglrMUdhd89HQMqPPVc
645651646,42728554,38:44.0,308,20:38:44,20:43:52,10272775,70731,MOKPRO WATER PUMP 3 INCH OUTLET,Petrol Engine Water Pump,Petrol Engine Water Pump,https://openapi.airtel.in/gateway/airtel-xchange/callv2/recording?token=JA3YrJY3sx0JfDnC/rFhEdIw04lhooDoktGYhAWn1Xs0wo8nJ/0SzSmWRJVaxzKwJKMoOzoUdeuQybwghdXOmF7jjLfwPZCqbkjAuJP7uz08sHglrMUdhd89HQMqPPVc
644961654,24108739,45:30.0,288,18:45:30,18:50:18,251868675,70772,"Supvan Ink Ferrule Printer Ribbons, Model Name/Number: TP-R100EB",Ferrule Printer Ribbons,Ferrule Printer Ribbons,https://openapi.airtel.in/gateway/airtel-xchange/callv2/recording?token=9UqBYgzG6RCmdfoPKNthKNIw04lhooDoktGYhAWn1XseAnmLK4Ht0wP3V0ci3ud sc/5mR45xZbkal2YJogMM 3W6fwEpZkN2CfGNKxHtuI8sHglrMUdhd89HQMqPPVc
648552499,24108739,48:55.0,288,18:48:55,18:53:44,120498092,73702,"Ferrule Printing Machine Supvan TP70E, 40pcs/min",Ferrule Printing Machine,Ferrule Printing Machine,https://openapi.airtel.in/gateway/airtel-xchange/callv2/recording?token=1SEni jCb0HJWYI1vEfeMNIw04lhooDoktGYhAWn1XvNiFrXXbN3uLzz 0Wk/locwzHRAIRrPbC9uZd4eAaFUghQa1bQODpFSQWRJqsfc8c8sHglrMUdhd89HQMqPPVc
646001243,5057661,16:37.0,282,15:16:37,15:21:19,35085280,69514,Mangalam Mild Steel Welding Rod,Mangalam Mild Steel Welding Rod,Mangalam Mild Steel Welding Rod,https://openapi.airtel.in/gateway/airtel-xchange/callv2/recording?token=2xqfLiZx3iRLDdSzWzow7dIw04lhooDoktGYhAWn1Xuet0m4Ah1BpEV19i8YVU9pGIoSpxRsP2SH9JhKnTpR9a5f1doOw6W1bcC0RSzECzc8sHglrMUdhd89HQMqPPVc
640067743,24108739,14:07.0,246,17:14:07,17:18:14,225273914,78877,Ferrule Printing Machine Supvan TP70E,Ferrule Printing Machine,Ferrule Printing Machine,https://openapi.airtel.in/gateway/airtel-xchange/callv2/recording?token=iU kMXGVkrBg/184HAJy/oabIalEuqtJ4CQrnrdx60JXc4hgIgqWpB548FkM/O MqtdEdx6AsH2FWhxYLWZ jg18G2H Ylh7XAeyNO1SWm5sgRp 3CtKDba6WJAFAseS
644854689,152298969,18:17.0,246,13:18:17,13:22:24,100502312,90889,Shreyans SRS58B Thermal Receipt Printer,Thermal Receipt Printer,Thermal Receipt Printer,https://openapi.airtel.in/gateway/airtel-xchange/callv2/recording?token=9UqBYgzG6RCmdfoPKNthKNIw04lhooDoktGYhAWn1Xux mQaUb82iQ2UKa3g6v2Pl3XshlZ8Ivd5Ues6C8LbdXbsLk/ctHH4YBRz4n/1FYA8sHglrMUdhd89HQMqPPVc
640051635,24108739,20:49.0,243,16:20:49,16:24:53,107660868,70630,,Label Tape,Label Tape,https://openapi.airtel.in/gateway/airtel-xchange/callv2/recording?token=iU kMXGVkrBg/184HAJy/oabIalEuqtJ4CQrnrdx60INvdU9MsHtfMyX3Ly5DXvkY3NQ74leVm0pIaGJwASthyaYJetiZGCXeHA9Rh3KJ8vxQQQrPAlsRQpImVcgwjUG
646376923,24108739,14:39.0,241,17:14:39,17:18:40,193728516,70625,Casio Label Tape,Casio Printer Consumables,Casio Printer Consumables,https://openapi.airtel.in/gateway/airtel-xchange/callv2/recording?token=iIQy8ACprD44GX 8iZxwpIabIalEuqtJ4CQrnrdx60LXNHUJeWv6RnaVHIcwqZDPuWAvVh0zydYRwCTEG1pBU/O5RliNCeAjfWoRdOQIf1xsgRp 3CtKDba6WJAFAseS
646496939,5057661,23:09.0,238,12:23:09,12:27:08,257249867,77619,"Mangalam Mild Steel Welding Rod, 3.15 mm X 350 mm",Mangalam Mild Steel Welding Rod,Mangalam Mild Steel Welding Rod,https://openapi.airtel.in/gateway/airtel-xchange/callv2/recording?token=3DgZ5NKzuntdmixIQo0ngYabIalEuqtJ4CQrnrdx60ImAh4D11K/cPzwAM/uQCDmuiDgdmc105216MVWkeuyzqzgYPVdawIarbtUGLYiyflsgRp 3CtKDba6WJAFAseS
648431952,5057661,52:29.0,234,12:52:29,12:56:24,103272270,70469,Mangalam Mild Steel Welding Rod,Mangalam Mild Steel Welding Rod,Mangalam Mild Steel Welding Rod,https://openapi.airtel.in/gateway/airtel-xchange/callv2/recording?token=1SEni jCb0HJWYI1vEfeMNIw04lhooDoktGYhAWn1XtJwS62817NjF7ub9Rll4YgGrDszY7LdnebyZk2cWlKnBV n7dA/TZj67WVuEf33xE8sHglrMUdhd89HQMqPPVc
644889048,152298969,56:58.0,227,14:56:58,15:00:46,100502312,90889,Shreyans SRS58B Thermal Receipt Printer,Thermal Receipt Printer,Thermal Receipt Printer,https://openapi.airtel.in/gateway/airtel-xchange/callv2/recording?token=9UqBYgzG6RCmdfoPKNthKNIw04lhooDoktGYhAWn1XtkwfSuk9GBmI4gyoOdFsqRfqk5oSUkR3sim252upesBzAJI0TvqZtu8gcazhV7nNk8sHglrMUdhd89HQMqPPVc
646114678,42728554,31:44.0,225,11:31:44,11:35:29,10272775,70731,MOKPRO WATER PUMP 3 INCH OUTLET,Petrol Engine Water Pump,Petrol Engine Water Pump,https://openapi.airtel.in/gateway/airtel-xchange/callv2/recording?token=lOtEQh8WWao5 4god saUtIw04lhooDoktGYhAWn1Xt1H6HCeT4hp6Hbd7sAUkyJULas9E7R4fhdAnKrpBunfuhtw1cXB0vkLLXUktdGaPo8sHglrMUdhd89HQMqPPVc
648482248,152298969,08:44.0,219,15:08:44,15:12:24,59432694,70624,Pos Machine,POS Machine,POS Machine,https://openapi.airtel.in/gateway/airtel-xchange/callv2/recording?token=1SEni jCb0HJWYI1vEfeMNIw04lhooDoktGYhAWn1Xsv4zBXb6xJ3RoostbP Rn0FOWxML1SNqKQKedLrfU0wX7rYsZ33yRqiPxby3X7na88sHglrMUdhd89HQMqPPVc
639242387,152298969,40:36.0,208,11:40:36,11:44:05,11448831,70754,,Thermal Receipt Printer,Thermal Receipt Printer,https://openapi.airtel.in/gateway/airtel-xchange/callv2/recording?token=PHwtBLTMEFRGQonbxgMkyNIw04lhooDoktGYhAWn1Xs3W4zj/o3m0weJLoxm3LodC0/ E3Hu/J4mmCNUwFkc0rwR7fuCvi94ghpA5XwupGk8sHglrMUdhd89HQMqPPVc
644031073,24108739,32:46.0,207,11:32:46,11:36:14,120268108,70630,,Label Tape,Label Tape,https://openapi.airtel.in/gateway/airtel-xchange/callv2/recording?token=makFod6mQpBgToW3lplkxtIw04lhooDoktGYhAWn1XvWQj3e/JIGAWloGcXcVWME/ut0bg rGFzN4 wGNN0DWnl0nnmwB6uroiCUIkhtBMY8sHglrMUdhd89HQMqPPVc
640212121,42728554,26:49.0,195,15:26:49,15:30:05,134160851,70633,Cordless Drill Machine,Cordless Drill,Cordless Drill,https://openapi.airtel.in/gateway/airtel-xchange/callv2/recording?token=vPm2bdQZjOp0YZNiVRgjmYabIalEuqtJ4CQrnrdx60Io97TIeWfl2M/eoDFk/cjXZybe2m4bpso57uIds4wgMGFOB7NbtKHERSIZRHANXoNsgRp 3CtKDba6WJAFAseS
640874556,24108739,47:45.0,193,14:47:45,14:50:58,255882574,70630,,Label Tape,Label Tape,https://openapi.airtel.in/gateway/airtel-xchange/callv2/recording?token=XnYiM7iMiu6zrl6 BZQhk4abIalEuqtJ4CQrnrdx60Jz2VQKWGB3YmX5/mUbNA1RW t92Dc565C6lBKXOwmRUXFlfG1ALJUoCzuet5NoapBsgRp 3CtKDba6WJAFAseS
645914156,24108739,10:57.0,193,11:10:57,11:14:11,93500968,70630,,Label Tape,Label Tape,https://openapi.airtel.in/gateway/airtel-xchange/callv2/recording?token=2xqfLiZx3iRLDdSzWzow7dIw04lhooDoktGYhAWn1Xv8uwifu3 SXMe5jio6qCoOrbS9VtzlgBI3YcR4aMhF21qGKFe6q0RpCLjpSMmF89w8sHglrMUdhd89HQMqPPVc
646261587,24108739,55:14.0,188,11:55:14,11:58:23,55706061,70469,,Label Tape,Label Tape,https://openapi.airtel.in/gateway/airtel-xchange/callv2/recording?token=iIQy8ACprD44GX 8iZxwpIabIalEuqtJ4CQrnrdx60J/VTH0ABARSjzW6JypXGabN1ugE/ylOp5IdDYT87mfd3rReS9JYlCyi4PkLzm EEFsgRp 3CtKDba6WJAFAseS
640043857,42728554,57:26.0,187,15:57:26,16:00:34,30937636,70469,"MOKPRO Miter saw machine 10inch, 14 inch, 1800w",Miter Saw,Miter Saw,https://openapi.airtel.in/gateway/airtel-xchange/callv2/recording?token=iU kMXGVkrBg/184HAJy/oabIalEuqtJ4CQrnrdx60Kibj1bztHkqVgYNEDVoHB0n/YYv4btiQqwA4PYTrsEjjxz2gfQ55Z17sjUwSjwoG5sgRp 3CtKDba6WJAFAseS
640448844,152298969,25:21.0,186,17:25:21,17:28:28,112230231,77402,,Android POS Machine,Android POS Machine,https://openapi.airtel.in/gateway/airtel-xchange/callv2/recording?token=iVp15cP/HiegavrJlG 0k4abIalEuqtJ4CQrnrdx60L pkGtEGqgGhdejXHQJxzqkodufivDuGwLjJ8wrkaHLmIQnXShxW7ta43FNBe3ujRsgRp 3CtKDba6WJAFAseS
640764464,72509641,59:23.0,180,09:59:23,10:02:23,133856124,70626,Automatic Popcorn Machine,Industrial Popcorn Machine,Industrial Popcorn Machine,https://openapi.airtel.in/gateway/airtel-xchange/callv2/recording?token=XnYiM7iMiu6zrl6 BZQhk4abIalEuqtJ4CQrnrdx60JyQ2F2NTepuxYxJThfRnYArXG9ckZ M3DYDS4QKvtil0BuOnmMTOY/PU1lmCXnUVNsgRp 3CtKDba6WJAFAseS
640999397,152298969,49:57.0,178,09:49:57,09:52:56,28409348,90886,,Android POS Machine,Android POS Machine,https://openapi.airtel.in/gateway/airtel-xchange/callv2/recording?token=HcD0nkvNMmf2ehzgISCH64abIalEuqtJ4CQrnrdx60IbLR3I6YCttCj/zSJbPx/w2zzDrPpxJmqXtEhS/ro8LVVzxRdhZ/4Lfwo 7QW7ZsNsgRp 3CtKDba6WJAFAseS
646016358,5057661,06:24.0,178,16:06:24,16:09:23,218660627,73808,Emery Belt,Emery Belt,Emery Belt,https://openapi.airtel.in/gateway/airtel-xchange/callv2/recording?token=2xqfLiZx3iRLDdSzWzow7dIw04lhooDoktGYhAWn1XuTH8Yu855xEHqxJZJM484pehSZwS5fvhixHAkd9a3xMpJvgtlbg UzkEH29OG8SsQ8sHglrMUdhd89HQMqPPVc
648142096,24108739,22:15.0,173,10:22:15,10:25:09,153578193,70610,,Label Tape,Label Tape,https://openapi.airtel.in/gateway/airtel-xchange/callv2/recording?token=wgYpjiPFX1U2TfGeHCmtPtIw04lhooDoktGYhAWn1XvpEFtUaLKxUFXhFE0DgoPQC3iHkORCkCA9cXnKZxJS ctq0j1HhpuWZVG7iwsiqiQ8sHglrMUdhd89HQMqPPVc
645886659,72509641,04:31.0,172,09:04:31,09:07:24,76537258,70626,,Sugarcane Juice Machine,Sugarcane Juice Machine,https://openapi.airtel.in/gateway/airtel-xchange/callv2/recording?token=2xqfLiZx3iRLDdSzWzow7dIw04lhooDoktGYhAWn1XtDNGGwNwsOYjQLVJNqMuFaI SNSqYOGZqLQHilmdAj4zNcIcitpbx1txRHq7I5cRE8sHglrMUdhd89HQMqPPVc
638653977,152298969,35:06.0,171,15:35:06,15:37:58,255311872,70750,"Shreyans CA428 4inch Label Printer with USB + Bluetooth, Max. Print Width: 4 inches, Resolution: 203",Barcode Printers,Barcode Printers,https://openapi.airtel.in/gateway/airtel-xchange/callv2/recording?token=CY4XPoQCAVN7WieOcKhYddIw04lhooDoktGYhAWn1Xt72NQ3kYyDy6J2uKgjorm5LQ790Gf5f8UpCUX 89T2XPabqD9 LWSq1hV5SE 443w8sHglrMUdhd89HQMqPPVc
642247108,24108739,28:47.0,170,19:28:47,19:31:38,126801704,70746,,Label Tape,Label Tape,https://openapi.airtel.in/gateway/airtel-xchange/callv2/recording?token=IynejgXfg5Gub4dUTx1jZNIw04lhooDoktGYhAWn1XsPIR2XQegms/doGC4haJF5MFWQg8oFx Q/UXP//fjDga3OInwO425Jw3L6oSGhCU8sHglrMUdhd89HQMqPPVc
639267471,72509641,38:25.0,168,12:38:25,12:41:13,77543878,70610,,Sugarcane Juice Machine,Sugarcane Juice Machine,https://openapi.airtel.in/gateway/airtel-xchange/callv2/recording?token=PHwtBLTMEFRGQonbxgMkyNIw04lhooDoktGYhAWn1XvZk7xmt8 fa1K95/zOT0aTiyUaQriuN40MXxxdEO8WOm9NiLIM/8fxsPJIDLNeeTw8sHglrMUdhd89HQMqPPVc
640222751,152298969,23:06.0,165,16:23:06,16:25:52,103658699,70740,,Android POS Machine,Android POS Machine,https://openapi.airtel.in/gateway/airtel-xchange/callv2/recording?token=vPm2bdQZjOp0YZNiVRgjmYabIalEuqtJ4CQrnrdx60J1kYMVHKJfJZhCPML1N5xPDegDtlWsiyuUFe09FVT9z6GxAC715r7Q2T2VoUutu7lsgRp 3CtKDba6WJAFAseS
638826264,42728554,17:54.0,165,14:17:54,14:20:41,77218948,70731,"Fruity Wet Wipes Tissue, Pouch, 15*15 cm",Wet Tissue,Wet Tissue,https://openapi.airtel.in/gateway/airtel-xchange/callv2/recording?token=79b0Nrl gx1QxXppNZggz9Iw04lhooDoktGYhAWn1XurnyFNB0I 9sEQG23Dk9OAQpdhANOZMe 6zF lhzGWYVoWE7sQSz1LXdY1lu9HiQU8sHglrMUdhd89HQMqPPVc
639636525,5057661,44:26.0,164,18:44:26,18:47:11,219415013,73838,Copper Prima Mig Welding Wire,MIG Welding Wire,MIG Welding Wire,https://openapi.airtel.in/gateway/airtel-xchange/callv2/recording?token=JOIH3u4EFer1AonxbOm6btIw04lhooDoktGYhAWn1XuQMkFbjYfiqK2AzQ85Xp6aThLfnxb3dEZUECg6Qp9vD2wWtPQ8J6yoTp7SVnQV4Rk8sHglrMUdhd89HQMqPPVc
639096950,5057661,36:55.0,163,15:36:55,15:39:39,102154383,73577,,Flap Wheels,Flap Wheels,https://openapi.airtel.in/gateway/airtel-xchange/callv2/recording?token=XxJmX9Wv6zdGE2o3NyzjfdIw04lhooDoktGYhAWn1XsFJmLYY4ukY3Mv3v/G6qDaWveYEMRPD1fusrgmr5M6mv EnVqdAHOe4VnrqM1lz188sHglrMUdhd89HQMqPPVc
646495107,42728554,20:09.0,156,12:20:09,12:22:46,257249598,70752,Gas Geyser Circuite/Ignitor / Lighter,Gas Geyser Spare Parts,Gas Geyser Spare Parts,https://openapi.airtel.in/gateway/airtel-xchange/callv2/recording?token=3DgZ5NKzuntdmixIQo0ngYabIalEuqtJ4CQrnrdx60KlMWSagQmJytyWTTsPhoPyIUzOtEe8ameJxCw rW3z6gKCzDYDCnPsGW6eLTxMhi9sgRp 3CtKDba6WJAFAseS
640822909,5057661,34:04.0,155,12:34:04,12:36:41,1966587,70610,,Non Woven Abrasives,Non Woven Abrasives,https://openapi.airtel.in/gateway/airtel-xchange/callv2/recording?token=XnYiM7iMiu6zrl6 BZQhk4abIalEuqtJ4CQrnrdx60JWU96zbNERoR 9gRna54SH3hQOb3aBvgofnWzXrTkg8zR5muJ18Aw4FQD 7G5M8lZsgRp 3CtKDba6WJAFAseS
644082513,72509641,42:55.0,154,13:42:55,13:45:30,29436751,73828,"Pulverizer Machine, 50 kg/hr",Pulverizers,Pulverizers,https://openapi.airtel.in/gateway/airtel-xchange/callv2/recording?token=makFod6mQpBgToW3lplkxtIw04lhooDoktGYhAWn1Xuf b2/4spA1oboV3Hjw0WO1eBXrM39w6aGD295a0VCxenxnaYt7mU8W4whnrnzebQ8sHglrMUdhd89HQMqPPVc
641972129,152298969,53:29.0,154,16:53:29,16:56:03,194984753,78988,,Android POS Machine,Android POS Machine,https://openapi.airtel.in/gateway/airtel-xchange/callv2/recording?token=byONy9xc8XfRD60CGbNkU9Iw04lhooDoktGYhAWn1Xs1HPyb5ofDT24CzRR8whlyTmtV9oTpDReOS3yd989ElAIF3VFPKyYu3rWZCfVpVBE8sHglrMUdhd89HQMqPPVc
645191735,24108739,22:39.0,153,19:22:39,19:25:13,251868675,70772,,Label Tape,Label Tape,https://openapi.airtel.in/gateway/airtel-xchange/callv2/recording?token=bBQVO7WZjglGkvq41raz89Iw04lhooDoktGYhAWn1XtwNuMz/UwVADvVwev/iL98wv/f1aIkGuPCVbFTifQmJvyBXn19ezkQackhg7AYArY8sHglrMUdhd89HQMqPPVc
641094291,42728554,15:49.0,152,14:15:49,14:18:22,228461954,69514,30 Ltr Air Compressor,Air Compressor,Air Compressor,https://openapi.airtel.in/gateway/airtel-xchange/callv2/recording?token=HcD0nkvNMmf2ehzgISCH64abIalEuqtJ4CQrnrdx60KQH5mpx0osAXRYoFsvB b1XiEq6xBOFEQz1ouU8d1n4SsyHazChfh4vLroseYxxnxsgRp 3CtKDba6WJAFAseS
638911462,72509641,19:50.0,152,18:19:50,18:22:23,71234229,83712,,Sugarcane Juice Machine,Sugarcane Juice Machine,https://openapi.airtel.in/gateway/airtel-xchange/callv2/recording?token=79b0Nrl gx1QxXppNZggz9Iw04lhooDoktGYhAWn1XvxIFPDXDEx7hUiPNtdpGUvXawVcVT7kJ8IuS35qEqmapLwSN16HX5m7cdBL4G /Xo8sHglrMUdhd89HQMqPPVc
640931593,152298969,26:26.0,152,17:26:26,17:28:59,87782922,70435,,Android POS Machine,Android POS Machine,https://openapi.airtel.in/gateway/airtel-xchange/callv2/recording?token=XnYiM7iMiu6zrl6 BZQhk4abIalEuqtJ4CQrnrdx60ID0fwRTbtPevdVoumD/cYBrIkkP6Rcr3DYVEG oNXmPobWFoJLW602ffnTV63UVphsgRp 3CtKDba6WJAFAseS
640896094,42728554,44:50.0,150,15:44:50,15:47:22,234429531,70469,,Rotary Hammer Drill,Rotary Hammer Drill,https://openapi.airtel.in/gateway/airtel-xchange/callv2/recording?token=XnYiM7iMiu6zrl6 BZQhk4abIalEuqtJ4CQrnrdx60IDn P3xwRGPpapQw8RDQtYe7J 4R7Gfxj/lbtJ69G5 2DUDLtwtOQOAj9IevVr4JFsgRp 3CtKDba6WJAFAseS
644020832,72509641,06:18.0,150,11:06:18,11:08:49,139524287,79115,,Sugarcane Juice Machine,Sugarcane Juice Machine,https://openapi.airtel.in/gateway/airtel-xchange/callv2/recording?token=makFod6mQpBgToW3lplkxtIw04lhooDoktGYhAWn1XsvrGhQH/ ruc/yk4PXTI68jWi8wIdynQYoBl3BkIv0ASswp26wgelXwmeEb QdcFs8sHglrMUdhd89HQMqPPVc
642114542,152298969,48:33.0,148,12:48:33,12:51:02,101613460,70487,,Android POS Machine,Android POS Machine,https://openapi.airtel.in/gateway/airtel-xchange/callv2/recording?token=IynejgXfg5Gub4dUTx1jZNIw04lhooDoktGYhAWn1Xv71Hk 08LCfp7RNGz6yto0sySGi8B4H1Dfi4/PUzAU7TJ7MWJyhi1dZ7cXVkyZwt88sHglrMUdhd89HQMqPPVc
645170497,5057661,50:56.0,148,17:50:56,17:53:25,27192160,73765,"14 inch magic Cutting Wheels, Advance",Cutting Wheels,Cutting Wheels,https://openapi.airtel.in/gateway/airtel-xchange/callv2/recording?token=bBQVO7WZjglGkvq41raz89Iw04lhooDoktGYhAWn1Xsa0b1LVjKFqEOQ rC5dmq9gNHmvQZw26BtDlEt21F0LGKsoqlMAmWFrh2EojFVplM8sHglrMUdhd89HQMqPPVc
641487115,42728554,41:20.0,147,11:41:20,11:43:48,256061570,70532,43 MOKPRO HAMMER DRILL MACHINE 0818,Hammer Drill,Hammer Drill,https://openapi.airtel.in/gateway/airtel-xchange/callv2/recording?token=jDNElsb9CiRJX/BcigFCNoabIalEuqtJ4CQrnrdx60K6xWYP 8H8HofM8n 2XsXVmUFtUkjjn7gX5Q3EZcIAGlUKd5Ak1i2Y26sDTTfXs45sgRp 3CtKDba6WJAFAseS
647537880,42728554,31:14.0,146,10:31:14,10:33:40,194251661,69514,,Electric Drill,Electric Drill,https://openapi.airtel.in/gateway/airtel-xchange/callv2/recording?token=BZVMEtFAdBouCOhAy/bm84abIalEuqtJ4CQrnrdx60KICPI2zxKLrMfpS3Nn/9or1SqQIpXSBfyAv857Xr1zNS2BeLOxKKp9IuEJt 4isepsgRp 3CtKDba6WJAFAseS
639001620,24108739,39:48.0,143,11:39:48,11:42:12,115263902,70630,,Label Tape,Label Tape,https://openapi.airtel.in/gateway/airtel-xchange/callv2/recording?token=XxJmX9Wv6zdGE2o3NyzjfdIw04lhooDoktGYhAWn1XudPDGhxlOcY86sWEVJymul0v/D0zpLWN0rtLKBqPr3M2GAJmhSfYhe2xYOgt2Ll3U8sHglrMUdhd89HQMqPPVc
639498103,72509641,18:52.0,142,12:18:52,12:21:15,50319676,70626,,Sugarcane Juice Machine,Sugarcane Juice Machine,https://openapi.airtel.in/gateway/airtel-xchange/callv2/recording?token=JOIH3u4EFer1AonxbOm6btIw04lhooDoktGYhAWn1XuN/BBySsopX7E7pNvS5WkFoY7slAawWOlSrSPBWatb4tbgMkkjVyvb9CJhWXwOIy48sHglrMUdhd89HQMqPPVc
639058009,152298969,55:34.0,142,13:55:34,13:57:57,218556470,77849,,Android POS Machine,Android POS Machine,https://openapi.airtel.in/gateway/airtel-xchange/callv2/recording?token=XxJmX9Wv6zdGE2o3NyzjfdIw04lhooDoktGYhAWn1XvuOKdJcUZkCixmK862KMAOAGqS2FuU nkki2B7cLqnGLiWmVvYzSeO8YUd9kRvaBU8sHglrMUdhd89HQMqPPVc
642550148,24108739,41:09.0,140,11:41:09,11:43:29,124860749,70630,PVC Ferrule Printing Sleeve,Ferrule Printing Sleeve,Ferrule Printing Sleeve,https://openapi.airtel.in/gateway/airtel-xchange/callv2/recording?token=0Oteys8wl5upA7YX3 3vfNIw04lhooDoktGYhAWn1Xsy77I3zYx6VmFxSMpKr2aDJYc72UxxVWRuMF8kG1nLOzrUjqWWbjyqQk7 zj4Rrk48sHglrMUdhd89HQMqPPVc
644366835,152298969,37:34.0,139,16:37:34,16:39:54,254740195,70435,,Thermal Receipt Printer,Thermal Receipt Printer,https://openapi.airtel.in/gateway/airtel-xchange/callv2/recording?token=qhWxsayT0THlrs fReXIC9Iw04lhooDoktGYhAWn1XuZyiuMTLEggfbCb20ALpJ WN7U3y3uNrY7uwY4lbNu SAAa2IH4LI2PUMGMeoLxZ1sgRp 3CtKDba6WJAFAseS
642640747,24108739,27:13.0,137,15:27:13,15:29:30,160614693,70532,Brother Label Tape Compatible,Printer Tapes,Printer Tapes,https://openapi.airtel.in/gateway/airtel-xchange/callv2/recording?token=0Oteys8wl5upA7YX3 3vfNIw04lhooDoktGYhAWn1XslcbqjUfymi7mEVaLzs8zl0Pbdmn EGO5349ugpTkdSksmyfhBQrDRAYcL0iD9bmg8sHglrMUdhd89HQMqPPVc
644061593,72509641,47:58.0,137,12:47:58,12:50:15,256669606,70626,,Sugarcane Juice Machine,Sugarcane Juice Machine,https://openapi.airtel.in/gateway/airtel-xchange/callv2/recording?token=makFod6mQpBgToW3lplkxtIw04lhooDoktGYhAWn1XuOayr/t0fFkUpoHJLPLa9ES/tAiAMJte0JPnOcW/TcOHk/ QiOC26QvxdJiNHTRpg8sHglrMUdhd89HQMqPPVc
647714703,24108739,06:23.0,137,12:06:23,12:08:40,188402995,70630,,Label Tape,Label Tape,https://openapi.airtel.in/gateway/airtel-xchange/callv2/recording?token=IQhFiJ8gm58RJR13Fyj IabIalEuqtJ4CQrnrdx60JxzEfOLVncOi9xPau8Ly784OD nWkBtOOmebieQ jO7c0Q4 h7t b7B/5z ZBGodsgRp 3CtKDba6WJAFAseS
644299897,152298969,21:58.0,134,13:21:58,13:24:13,256722919,70435,,Thermal Receipt Printer,Thermal Receipt Printer,https://openapi.airtel.in/gateway/airtel-xchange/callv2/recording?token=qhWxsayT0THlrs fReXIC9Iw04lhooDoktGYhAWn1XswSlek0xyS5w QadUuTq/OAQJ5YSEQKZCVcDD7lSZCxL2jX2n2SiTIMyk8g3Bn2CU8sHglrMUdhd89HQMqPPVc
639104729,5057661,57:34.0,133,15:57:34,15:59:48,78040495,70469,"Green Red Non Woven Combi Wheels, 1 Pcs",Non Woven Abrasives,Non Woven Abrasives,https://openapi.airtel.in/gateway/airtel-xchange/callv2/recording?token=XxJmX9Wv6zdGE2o3NyzjfdIw04lhooDoktGYhAWn1Xtw371PCekS3n0b0NOueUo9EKxSnkaXoK8TEfND7Umwc0kyqrdow/XXf9jizbq vSA8sHglrMUdhd89HQMqPPVc
644926930,72509641,45:17.0,133,16:45:17,16:47:31,256870246,70626,,Sugarcane Juice Machine,Sugarcane Juice Machine,https://openapi.airtel.in/gateway/airtel-xchange/callv2/recording?token=9UqBYgzG6RCmdfoPKNthKNIw04lhooDoktGYhAWn1Xv0afrwzQotog7YqEmmifExFdsjxbEpY6fj/0cp07WRgTMPXmYqbnLrSQxz3LaAy6w8sHglrMUdhd89HQMqPPVc
639889010,5057661,22:59.0,130,20:22:59,20:25:10,120582809,73776,"Hero Green Luster, For Metal, Reagent Grade",Buffing Compounds,Buffing Compounds,https://openapi.airtel.in/gateway/airtel-xchange/callv2/recording?token=imxJlZS0jW8R7tAqoEnqNtIw04lhooDoktGYhAWn1XvGLdo1V1H/rjs1YptGoFXW8KiSJxfRwAxj0LQn/zH9M 0cMTkbwt6UfCyKdhiq1JY8sHglrMUdhd89HQMqPPVc
644845339,42728554,56:42.0,130,12:56:42,12:58:53,153133177,90401,,Electric Drill,Electric Drill,https://openapi.airtel.in/gateway/airtel-xchange/callv2/recording?token=9UqBYgzG6RCmdfoPKNthKNIw04lhooDoktGYhAWn1Xv8C3YXrgyWB1QzAu7/cOqjXYk1LBxo919c7edE5zpkJbGVEvsMEBto5RM4Tn9TPkY8sHglrMUdhd89HQMqPPVc
647036886,5057661,54:28.0,130,16:54:28,16:56:38,246874253,70469,Mangalam Mild Steel Welding Rod,Mangalam Mild Steel Welding Rod,Mangalam Mild Steel Welding Rod,https://openapi.airtel.in/gateway/airtel-xchange/callv2/recording?token=c 4QXiRe0nYrelDhNhywfIabIalEuqtJ4CQrnrdx60JXjsWa2WfejR7vyzdJr4EqByJ//Um5cP7vqKmiiy0 Rj02FElKAzl0tEk/YP/34p9sgRp 3CtKDba6WJAFAseS
645533724,24108739,41:14.0,129,13:41:14,13:43:24,124996714,70733,,Label Tape,Label Tape,https://openapi.airtel.in/gateway/airtel-xchange/callv2/recording?token=JA3YrJY3sx0JfDnC/rFhEdIw04lhooDoktGYhAWn1Xuc/v0IM7YLSsNpKLHeHLkMgUdmoC/P7vMpDdsNdqgKQ/5bX5vNiVSm5QwqXFeHShM8sHglrMUdhd89HQMqPPVc
642605137,72509641,53:24.0,128,13:53:24,13:55:32,185163054,70631,Cabbage cutting machine,Vegetable Cutting Machine,Vegetable Cutting Machine,https://openapi.airtel.in/gateway/airtel-xchange/callv2/recording?token=0Oteys8wl5upA7YX3 3vfNIw04lhooDoktGYhAWn1Xv33wVA8 K5oj ahdf2tPi86IEM3Adu2eQV0jAAJBeHQmLDD6a5Gr1noY2R3m TiLI8sHglrMUdhd89HQMqPPVc
646683039,5057661,47:38.0,128,10:47:38,10:49:47,250928254,70469,,Flap Wheels,Flap Wheels,https://openapi.airtel.in/gateway/airtel-xchange/callv2/recording?token=rjWisXWdbw3v3BRYELOV1YabIalEuqtJ4CQrnrdx60KdXTA6QUS1Cs2b6/2tBLbffe8XDcaMjvqwvka3nliFgJlt26ZItOWaFJReH bf8YJsgRp 3CtKDba6WJAFAseS
646381789,72509641,32:16.0,128,17:32:16,17:34:25,257210650,70626,,Sugarcane Juice Machine,Sugarcane Juice Machine,https://openapi.airtel.in/gateway/airtel-xchange/callv2/recording?token=iIQy8ACprD44GX 8iZxwpIabIalEuqtJ4CQrnrdx60K3AjW5fDexSBgxU4iXE7vGPGSYWsr1SPVn9gL40A61VBFWoMsOS5lnQRH39ByJaq1sgRp 3CtKDba6WJAFAseS
646374211,42728554,08:16.0,127,17:08:16,17:10:23,10272775,70731,Gasoline Engine Water Pump 2 Hp,Gasoline Water Pump,Gasoline Water Pump,https://openapi.airtel.in/gateway/airtel-xchange/callv2/recording?token=iIQy8ACprD44GX 8iZxwpIabIalEuqtJ4CQrnrdx60KrGeLh/LU1B4WLqrcs4eFrgjIygMRDW9sQB a5CDsfnXnFXEWDKaV6i3r75RnCtgnxQQQrPAlsRQpImVcgwjUG
642974170,24108739,56:52.0,126,10:56:52,10:58:59,251369558,70630,,Label Tape,Label Tape,https://openapi.airtel.in/gateway/airtel-xchange/callv2/recording?token=2MTKLtE9QngumD6AFA4CstIw04lhooDoktGYhAWn1XsGgM53dpfahZOh 45Z/kSzZuLOhbdUWDkaO9Aux07yrZodk56oeO48o4F/6xeQRvc8sHglrMUdhd89HQMqPPVc
640292158,24108739,24:31.0,125,10:24:31,10:26:37,204250172,73869,,Label Tape,Label Tape,https://openapi.airtel.in/gateway/airtel-xchange/callv2/recording?token=iVp15cP/HiegavrJlG 0k4abIalEuqtJ4CQrnrdx60JPDbwR5xzaCFSjYkNovI2s8hY9jn8XE2ITFFb GuB9E7FXhBv0e4zTRpffXgvOO/hsgRp 3CtKDba6WJAFAseS
646983749,42728554,20:29.0,125,14:20:29,14:22:35,224206369,70466,,Rotary Hammer Drill,Rotary Hammer Drill,https://openapi.airtel.in/gateway/airtel-xchange/callv2/recording?token=c 4QXiRe0nYrelDhNhywfIabIalEuqtJ4CQrnrdx60JdvT2yPhhlC5E x1oaZ7Urp4aS4McM0Dn8f1g1uNwejU996xDMTeVktKrGtxAvSCBsgRp 3CtKDba6WJAFAseS
648494100,72509641,42:33.0,125,15:42:33,15:44:38,57771617,83712,,Sugarcane Juice Machine,Sugarcane Juice Machine,https://openapi.airtel.in/gateway/airtel-xchange/callv2/recording?token=1SEni jCb0HJWYI1vEfeMNIw04lhooDoktGYhAWn1XsBNiHGuInM4dmxy865ebFiASEJ4vpnnINPl91Y9q8 2VV11pQ7FtvP50Z6hZntSN48sHglrMUdhd89HQMqPPVc
643878439,5057661,51:38.0,124,14:51:38,14:53:42,73205225,70672,,Flap Wheels,Flap Wheels,https://openapi.airtel.in/gateway/airtel-xchange/callv2/recording?token=WgY5cEVUMKK2ftid8QDbO9Iw04lhooDoktGYhAWn1XvwrQUhkctnJUnX42 5QMVX55vitCEP9h6h/A1N17mCdh7LkOqqZZkk/ZbEbCaX1Uk8sHglrMUdhd89HQMqPPVc
640625334,5057661,24:52.0,124,14:24:52,14:26:57,218592072,70487,,Flap Wheels,Flap Wheels,https://openapi.airtel.in/gateway/airtel-xchange/callv2/recording?token=//uS/DIfykfmvdPThY rvIabIalEuqtJ4CQrnrdx60LXCUobRe2LVlb1AUnS09xp1WH 3a9YfTYYzH0ZuDnTENPJSbbbw1WTHU83BjGwOcPxQQQrPAlsRQpImVcgwjUG
640951114,72509641,38:03.0,123,18:38:03,18:40:06,79046811,70626,"Garlic Peeling Machine, Stainless Steel",Garlic Peeling Machine,Garlic Peeling Machine,https://openapi.airtel.in/gateway/airtel-xchange/callv2/recording?token=XnYiM7iMiu6zrl6 BZQhk4abIalEuqtJ4CQrnrdx60JdU7yJPO3Dr1C1JXFKi7CkmSJH9Cmx/TWlCyNOuUWDJge3b8Af9yltFZP8byobM4NsgRp 3CtKDba6WJAFAseS
641232022,5057661,18:36.0,123,10:18:36,10:20:40,102154383,73577,,Flap Wheels,Flap Wheels,https://openapi.airtel.in/gateway/airtel-xchange/callv2/recording?token=fveH9k1B8PDwukJz tCIqoabIalEuqtJ4CQrnrdx60Iz lOjCGhPNtasqvhzj7tt1OFsjZrngsMMPp1qkxRsdTWMHwkgQRdXlVk2mWOgPrBsgRp 3CtKDba6WJAFAseS
640823759,5057661,36:39.0,119,12:36:39,12:38:39,102154383,73577,,Flap Wheels,Flap Wheels,https://openapi.airtel.in/gateway/airtel-xchange/callv2/recording?token=XnYiM7iMiu6zrl6 BZQhk4abIalEuqtJ4CQrnrdx60L2JLEEuTTODMe/sv4CpPMug3PHROcCfqY40dpitN25RQLefKXhWVdjoSMgSiaMi1dsgRp 3CtKDba6WJAFAseS
640373110,152298969,58:00.0,118,13:58:00,13:59:59,248857939,70699,,Android POS Machine,Android POS Machine,https://openapi.airtel.in/gateway/airtel-xchange/callv2/recording?token=iVp15cP/HiegavrJlG 0k4abIalEuqtJ4CQrnrdx60KEbc9nU5bJYDhZEmpRY lEpM0W016jKPuo1g5vTljaiEElegxmG hObLzr3MqLki1sgRp 3CtKDba6WJAFAseS
638646573,152298969,58:05.0,117,14:58:05,15:00:03,16344901,70624,,Android POS Machine,Android POS Machine,https://openapi.airtel.in/gateway/airtel-xchange/callv2/recording?token=CY4XPoQCAVN7WieOcKhYddIw04lhooDoktGYhAWn1Xt5/WmKeircXPxs4BQ7M3iV/hBP8xDXr5ZbUCkwHmSz7 8AeqIxdGTysUxL/Fe84Do8sHglrMUdhd89HQMqPPVc
647815541,42728554,28:20.0,117,16:28:20,16:30:17,192102793,70751,,Electric Drill,Electric Drill,https://openapi.airtel.in/gateway/airtel-xchange/callv2/recording?token=IQhFiJ8gm58RJR13Fyj IabIalEuqtJ4CQrnrdx60I RDO4XFN09wF127OPPJFD79Q55awgV676Rv 3 zObF2czNtrMbGY/NxSwXjmdGQVsgRp 3CtKDba6WJAFAseS
639542132,152298969,08:28.0,116,14:08:28,14:10:24,88128856,70624,Shreyans 583 Bluetooth thermal receipt printer,Thermal Receipt Printer,Thermal Receipt Printer,https://openapi.airtel.in/gateway/airtel-xchange/callv2/recording?token=JOIH3u4EFer1AonxbOm6btIw04lhooDoktGYhAWn1XvvsCtEzc51xCwe0nm2N8dDnkpwgDlALlxj60YEnu9QD/qLdJrFJJblRLHYZaQ8msI8sHglrMUdhd89HQMqPPVc
639028363,72509641,41:15.0,116,12:41:15,12:43:12,235090901,,Semi Automatic Sugarcane Juice Machine,Sugarcane Juice Machine,Sugarcane Juice Machine,https://openapi.airtel.in/gateway/airtel-xchange/callv2/recording?token=XxJmX9Wv6zdGE2o3NyzjfdIw04lhooDoktGYhAWn1XujBv mMLQfoJBFs/ROg/Zhewp9Lf9ACKfmxy R7B6zkJa3YWjA5lTAGAWtUVXvnt48sHglrMUdhd89HQMqPPVc
645387173,42728554,28:31.0,116,17:28:31,17:30:28,3419924,70469,Manual Tile Cutter,Tile Cutters,Tile Cutters,https://openapi.airtel.in/gateway/airtel-xchange/callv2/recording?token=V7zl3SNuMWRmJM3comXoUtIw04lhooDoktGYhAWn1XtvDTOL3qL08Rt50aA5C ffzLXXSxDpH02pR5rY9zRLItjM029pPovJlK62naVU Tw8sHglrMUdhd89HQMqPPVc
646855635,24108739,31:21.0,114,19:31:21,19:33:15,151605260,70532,Epson LW 700 Label Printer,Epson Barcode Printer,Epson Barcode Printer,https://openapi.airtel.in/gateway/airtel-xchange/callv2/recording?token=rjWisXWdbw3v3BRYELOV1YabIalEuqtJ4CQrnrdx60J1FN/oc9eZYs9Ml8IIj/y66ab31TBA/3E4B57SuMzRaNMgF4U4dux jZFn WcEvKlsgRp 3CtKDba6WJAFAseS
647449896,5057661,05:03.0,114,16:05:03,16:06:58,104449979,70469,"Mangalam Mild Steel Welding Rod, 3.15 mm X 350 mm",Mangalam Mild Steel Welding Rod,Mangalam Mild Steel Welding Rod,https://openapi.airtel.in/gateway/airtel-xchange/callv2/recording?token= o5N2L8VJ72KOQXGqSsiK4abIalEuqtJ4CQrnrdx60Iyd7PwqFxNSYxdaYxWcBWkwNeGI7vk3bwGsXrbrb2QfGPKbqlbAWOyJYEb 422nDlsgRp 3CtKDba6WJAFAseS
642255068,72509641,15:36.0,113,20:15:36,20:17:29,247811455,70432,,Sugarcane Juice Machine,Sugarcane Juice Machine,https://openapi.airtel.in/gateway/airtel-xchange/callv2/recording?token=IynejgXfg5Gub4dUTx1jZNIw04lhooDoktGYhAWn1XtYq1vFfcz4A6J8xlCvvZL5UXFILZRlkSCbBN/gyPm9V1gekMFYqhBswJlEg9srnPU8sHglrMUdhd89HQMqPPVc
641893295,42728554,25:34.0,112,13:25:34,13:27:26,139785679,70426,Bike Rain canopy For Rain Protection & Sun Protection,Canopies,Canopies,https://openapi.airtel.in/gateway/airtel-xchange/callv2/recording?token=byONy9xc8XfRD60CGbNkU9Iw04lhooDoktGYhAWn1XuNFTIl8 BLq4Dk6 uP8o72j2RfyU8xlnAZPh0eQVM8ub0G/EUChbf yFZqMlrus3U8sHglrMUdhd89HQMqPPVc
640804988,152298969,54:18.0,112,11:54:18,11:56:11,12525995,79021,Shreyans 583 Bluetooth thermal receipt printer,Thermal Receipt Printer,Thermal Receipt Printer,https://openapi.airtel.in/gateway/airtel-xchange/callv2/recording?token=XnYiM7iMiu6zrl6 BZQhk4abIalEuqtJ4CQrnrdx60KokmDFdExTKlGXerwSeowNuC5yWOOMQFA0gUKAAsQvj/MPtl04z0Hov1l4Qwfydz9sgRp 3CtKDba6WJAFAseS
640335642,24108739,22:22.0,110,12:22:22,12:24:13,186347151,,,Label Tape,Label Tape,https://openapi.airtel.in/gateway/airtel-xchange/callv2/recording?token=iVp15cP/HiegavrJlG 0k4abIalEuqtJ4CQrnrdx60JVPYiuknWbvORiNhs4e7jpAjE43NRSuME02xW8xcopdomuFOLAbmhAC87lr2I/DK7xQQQrPAlsRQpImVcgwjUG
644246857,152298969,06:43.0,109,11:06:43,11:08:33,256714984,,Shreyans Q1 Handheld Android POS (5000mAh Large Battery Backup),Android POS Machine,Android POS Machine,https://openapi.airtel.in/gateway/airtel-xchange/callv2/recording?token=qhWxsayT0THlrs fReXIC9Iw04lhooDoktGYhAWn1XtTKE7uzS8YXEMWB3ssQNmp6GPvtcUbuTY/Q2b0X7/NCJRVsSr8K/Gs3VVOOkg2PhQ8sHglrMUdhd89HQMqPPVc
640001713,42728554,54:16.0,109,13:54:16,13:56:05,102546784,90852,"MOKPRO Miter saw machine 10inch, 14 inch, 1800w",Miter Saw,Miter Saw,https://openapi.airtel.in/gateway/airtel-xchange/callv2/recording?token=iU kMXGVkrBg/184HAJy/oabIalEuqtJ4CQrnrdx60IvfYJU97Vf67jg1k9P3iE/uVbkcPET0fQAOxPTdOg/ t8Pb0Fb7NtVh76WiKlRyKHxQQQrPAlsRQpImVcgwjUG
639785593,152298969,18:32.0,108,14:18:32,14:20:21,85140565,70625,Shreyans KP206 Retail POS Thermal Receipt Printer,Retail POS Printer,Retail POS Printer,https://openapi.airtel.in/gateway/airtel-xchange/callv2/recording?token=imxJlZS0jW8R7tAqoEnqNtIw04lhooDoktGYhAWn1XsgwMEcOu93Pm73oxbIckK5kOJhqSNvuusKE8Qb5X80RDal QCfIYIk5n4Hpl4py408sHglrMUdhd89HQMqPPVc
644300508,152298969,24:15.0,107,13:24:15,13:26:03,46253198,70624,Pos Machine,POS Machine,POS Machine,https://openapi.airtel.in/gateway/airtel-xchange/callv2/recording?token=qhWxsayT0THlrs fReXIC9Iw04lhooDoktGYhAWn1XuH f2SAklIcSwAu9Nk5HeivfaXj8dBT1pKuK9LqXEYbrxtIFHKETeSi0UCZtcYLKI8sHglrMUdhd89HQMqPPVc
639894623,42728554,06:00.0,107,21:06:00,21:07:48,244196654,73789,Vacuum Cleaner 30 Ltr,Vacuum Cleaner,Vacuum Cleaner,https://openapi.airtel.in/gateway/airtel-xchange/callv2/recording?token=imxJlZS0jW8R7tAqoEnqNtIw04lhooDoktGYhAWn1XtAXMKUDIzd88fQz V/01254i5/9HOj54yF0h1O2YcsWVwGETc8EBCmj6sDnDuc6X08sHglrMUdhd89HQMqPPVc
642489222,42728554,35:43.0,106,20:35:43,20:37:30,190927666,99591,0.5 HP 30 Ltr Air Compressor,Air Compressor,Air Compressor,https://openapi.airtel.in/gateway/airtel-xchange/callv2/recording?token=qm0PHA6/yZ02Wb78/cMOQdIw04lhooDoktGYhAWn1XulFzWcF2RBjQrU4m5Ss7jAeuU3kTM9/GLxHtm5R407QgeNnTCNtDQnVMee23dpxO9sgRp 3CtKDba6WJAFAseS
642073861,24108739,13:37.0,104,11:13:37,11:15:21,180930188,70532,,Label Tape,Label Tape,https://openapi.airtel.in/gateway/airtel-xchange/callv2/recording?token=IynejgXfg5Gub4dUTx1jZNIw04lhooDoktGYhAWn1XuH0m ZT9TyQoeya4ZC1xbkmlXnjJ7yJyoFW/AAUazsCzDeTJl1uoEVTbLUi/c1ySA8sHglrMUdhd89HQMqPPVc
641971766,42728554,53:18.0,104,16:53:18,16:55:02,66036475,70469,Manual Tile Cutter,Tile Cutters,Tile Cutters,https://openapi.airtel.in/gateway/airtel-xchange/callv2/recording?token=byONy9xc8XfRD60CGbNkU9Iw04lhooDoktGYhAWn1XvRPeIKFZTPkIO3g0zIaH8iYPDdOv5ZfCRwCZ2phyzAjoGlWSCDyDCmUlNy8ByheM08sHglrMUdhd89HQMqPPVc
638980599,24108739,45:23.0,104,10:45:23,10:47:08,115263902,70630,,Label Tape,Label Tape,https://openapi.airtel.in/gateway/airtel-xchange/callv2/recording?token=XxJmX9Wv6zdGE2o3NyzjfdIw04lhooDoktGYhAWn1XvXI5MsFuDWjJqV3omHXL8S12ehB4Pd09MTZfx8JeQEY6tgADrWTpHKPnbjr8kIodZsgRp 3CtKDba6WJAFAseS
642626208,152298969,49:24.0,104,14:49:24,14:51:08,46144858,69514,Shreyans SRS710 80mm Thermal Receipt Printer with USB Interface,Thermal Receipt Printer,Thermal Receipt Printer,https://openapi.airtel.in/gateway/airtel-xchange/callv2/recording?token=0Oteys8wl5upA7YX3 3vfNIw04lhooDoktGYhAWn1XtAu03TiacmF5kwAXa5YgjpI dNh VNm8Pe97noRhroI7rKWO6AjqW48dPlBpfumeI8sHglrMUdhd89HQMqPPVc
643260776,24108739,07:39.0,104,18:07:39,18:09:24,251868675,70772,Ferrule Printing Machine Supvan TP70E,Ferrule Printing Machine,Ferrule Printing Machine,https://openapi.airtel.in/gateway/airtel-xchange/callv2/recording?token=8U7tNIgAL M0ZjZk5JcuWNIw04lhooDoktGYhAWn1Xu0aQKAhMFUrdcim0cZEyAN 6qp6K3zReEJ9ML2PyULc34eRcIh9Pk SFoC4 xMZkY8sHglrMUdhd89HQMqPPVc
648103432,152298969,56:06.0,103,19:56:06,19:57:50,110494798,73801,,Android POS Machine,Android POS Machine,https://openapi.airtel.in/gateway/airtel-xchange/callv2/recording?token=1L7SeDYZSLUocITjyGP5D4abIalEuqtJ4CQrnrdx60LdbYXGhQDMbehbyuQcbI5STU/DItexA2Sgb1GbN9xNOZIghXJnx8fwDJoILB/7os5sgRp 3CtKDba6WJAFAseS
646353197,42728554,07:46.0,103,16:07:46,16:09:29,257213417,,Gas Geyser Circuite/Ignitor / Lighter,Gas Geyser Spare Parts,Gas Geyser Spare Parts,https://openapi.airtel.in/gateway/airtel-xchange/callv2/recording?token=iIQy8ACprD44GX 8iZxwpIabIalEuqtJ4CQrnrdx60LkWQywfx38CkgGEilhIfxqcMf6Wwv/8R1YhwyJvHXAEKaVDytLq4QzAJZR8qx9INjxQQQrPAlsRQpImVcgwjUG
643179086,42728554,09:57.0,103,11:09:57,11:11:41,141547000,73815,43 MOKPRO HAMMER DRILL MACHINE 0818,Hammer Drill,Hammer Drill,https://openapi.airtel.in/gateway/airtel-xchange/callv2/recording?token=8U7tNIgAL M0ZjZk5JcuWNIw04lhooDoktGYhAWn1Xt3bHpvSzv6RH1hJ8TJS/UKzYb8JOank2xCmOa/lqca3pqSK/fgm/2tj34NMC/iKv08sHglrMUdhd89HQMqPPVc
646857763,24108739,43:36.0,103,19:43:36,19:45:20,40713061,73695,,Label Tape,Label Tape,https://openapi.airtel.in/gateway/airtel-xchange/callv2/recording?token=rjWisXWdbw3v3BRYELOV1YabIalEuqtJ4CQrnrdx60KtpoF6/tbSGM2POPZdqmQHHbqWrCICAu7qKZwCSkIW3xlQpipf1ahOLbpG65lqegZsgRp 3CtKDba6WJAFAseS
642253360,72509641,04:52.0,102,20:04:52,20:06:35,247811455,70432,,Sugarcane Juice Machine,Sugarcane Juice Machine,https://openapi.airtel.in/gateway/airtel-xchange/callv2/recording?token=IynejgXfg5Gub4dUTx1jZNIw04lhooDoktGYhAWn1XtFMS/6xgOkwaaC6yq44e9UQMvbSzGM6mIsxwPT4P9IAjxNQMcwtdAY1AqDc1iNvQ08sHglrMUdhd89HQMqPPVc
646181404,5057661,31:30.0,102,17:31:30,17:33:13,185302135,82770,,Flap Wheels,Flap Wheels,https://openapi.airtel.in/gateway/airtel-xchange/callv2/recording?token=lOtEQh8WWao5 4god saUtIw04lhooDoktGYhAWn1XtKBg7Sw9NFJ7QIpxOocV0MqWhee8NP9B5s9A4oDOhJbmS4A9UDEFsW0aaWPFJoWmA8sHglrMUdhd89HQMqPPVc
643627933,5057661,49:22.0,102,13:49:22,13:51:05,82077035,69514,Sanding Belt,Sanding Belts,Sanding Belts,https://openapi.airtel.in/gateway/airtel-xchange/callv2/recording?token=jHsAtKxesFpFu5A1JUdLBtIw04lhooDoktGYhAWn1XtUhXJZU/KVdbCBTjaKaAkSLzGwIu NFRap85bYSF7msoTtihztgkzR83TlqSix9Vw8sHglrMUdhd89HQMqPPVc
639472129,42728554,18:47.0,99,11:18:47,11:20:27,214283379,70627,,Electric Drill,Electric Drill,https://openapi.airtel.in/gateway/airtel-xchange/callv2/recording?token=JOIH3u4EFer1AonxbOm6btIw04lhooDoktGYhAWn1XsJFpTOHTiB45/NfuBfVdS/PedldQlRyN/lwTL0tx0Dguna2nfn/LVJZGEo15jxHdU8sHglrMUdhd89HQMqPPVc
640523446,24108739,06:09.0,99,10:06:09,10:07:49,93297367,70624,,Label Tape,Label Tape,https://openapi.airtel.in/gateway/airtel-xchange/callv2/recording?token=//uS/DIfykfmvdPThY rvIabIalEuqtJ4CQrnrdx60IM8KJLZItcpizGHo0euBgER8r5xJOXNlVMzMUktCDefYAG/EuwdPQc78HY/6sr9VhsgRp 3CtKDba6WJAFAseS
644382203,5057661,25:46.0,99,17:25:46,17:27:26,27213881,70469,,Flap Wheels,Flap Wheels,https://openapi.airtel.in/gateway/airtel-xchange/callv2/recording?token=qhWxsayT0THlrs fReXIC9Iw04lhooDoktGYhAWn1XtQkltWfNTYT7p7P7 S1M19dNgdizIcZp9d6NCQ6XkGkpcEy4ymnr7C32WVamAzh k8sHglrMUdhd89HQMqPPVc
645218171,5057661,17:21.0,97,08:17:21,08:18:58,244761398,70461,,Flap Wheels,Flap Wheels,https://openapi.airtel.in/gateway/airtel-xchange/callv2/recording?token=V7zl3SNuMWRmJM3comXoUtIw04lhooDoktGYhAWn1XtCZnByOy6lsUUZThqEGYO0KdCVFBiiAiuFgn4vPlJ4i2HIdK1UWIOCToom6dRglZg8sHglrMUdhd89HQMqPPVc
639069156,152298969,25:33.0,96,14:25:33,14:27:10,218556470,77849,,Android POS Machine,Android POS Machine,https://openapi.airtel.in/gateway/airtel-xchange/callv2/recording?token=XxJmX9Wv6zdGE2o3NyzjfdIw04lhooDoktGYhAWn1XvSQNci/5U3PpsRHXTdVaBigGoXKH70 PFZZPzrJQaj4Gdb/9ngv8mQ42xB9nuLzbk8sHglrMUdhd89HQMqPPVc
645001337,24108739,30:49.0,96,09:30:49,09:32:26,251868675,70772,"Supvan Ink Ferrule Printer Ribbons, Model Name/Number: TP-R100EB",Ferrule Printer Ribbons,Ferrule Printer Ribbons,https://openapi.airtel.in/gateway/airtel-xchange/callv2/recording?token=bBQVO7WZjglGkvq41raz89Iw04lhooDoktGYhAWn1Xt1yY6WxCxs4C6RINyGlXxJX7xKGHAjE693OFdH9ZPNxBL6IlzgNHeLmoDdWRsqSK88sHglrMUdhd89HQMqPPVc
647269282,42728554,48:21.0,95,17:48:21,17:49:56,72227690,73838,Gas Geyser Circuite/Ignitor / Lighter,Gas Geyser Spare Parts,Gas Geyser Spare Parts,https://openapi.airtel.in/gateway/airtel-xchange/callv2/recording?token=uO/KfeztLbgFhmVTZ1Db2IabIalEuqtJ4CQrnrdx60ILlTGezfCKm24c0ZB1fMKra9c4sQb/W8cm2dpeTdyvjL9yA5jE33bKd/VXKRj1ijJsgRp 3CtKDba6WJAFAseS
647282172,72509641,37:46.0,95,18:37:46,18:39:22,213810738,70626,,Sugarcane Juice Machine,Sugarcane Juice Machine,https://openapi.airtel.in/gateway/airtel-xchange/callv2/recording?token=uO/KfeztLbgFhmVTZ1Db2IabIalEuqtJ4CQrnrdx60KOpgbstPaGyB4rn19GaxDV5GGNqsRdCSmZhix4TrVKFERDMgoDl3B2L8rJpfKjivRsgRp 3CtKDba6WJAFAseS
639237701,5057661,31:33.0,94,11:31:33,11:33:08,240027544,70496,"Velcro Disc, 5 Inch",Velcro Disc,Velcro Disc,https://openapi.airtel.in/gateway/airtel-xchange/callv2/recording?token=PHwtBLTMEFRGQonbxgMkyNIw04lhooDoktGYhAWn1XtmhGiotUBtRmB89if4l0EyhXPF/ppVm1rTVWNqmFUFjkGekOaJEeH7o5JPEt0Z1dlsgRp 3CtKDba6WJAFAseS
645465016,24108739,47:49.0,92,10:47:49,10:49:21,124996714,70733,,Label Tape,Label Tape,https://openapi.airtel.in/gateway/airtel-xchange/callv2/recording?token=JA3YrJY3sx0JfDnC/rFhEdIw04lhooDoktGYhAWn1XtDBflVtmpO7rKP0Wjk9WBQGX6ze6LkYXmqTNcp50 8LLKVS9Jq/Z7BAvmKoaU5uzE8sHglrMUdhd89HQMqPPVc
642117936,72509641,58:01.0,91,12:58:01,12:59:32,36984089,70631,,Sugarcane Juice Machine,Sugarcane Juice Machine,https://openapi.airtel.in/gateway/airtel-xchange/callv2/recording?token=IynejgXfg5Gub4dUTx1jZNIw04lhooDoktGYhAWn1Xt/jBEyMY4MEUPy6H2OxHwSZw9Q4DEWeOb9hXR0rUCYAqO3kNPl5FDgvjrru Z2h/48sHglrMUdhd89HQMqPPVc
643953985,5057661,35:49.0,90,18:35:49,18:37:20,184159322,78576,Prima Welding Rods,Mild Steel Welding Rod,Mild Steel Welding Rod,https://openapi.airtel.in/gateway/airtel-xchange/callv2/recording?token=WgY5cEVUMKK2ftid8QDbO9Iw04lhooDoktGYhAWn1XsqBaWZU3s7RMS5kcM mY8oBb3a0gRdHgodtCPZnmt8tQIablXWKPwWQwVY fuv9qU8sHglrMUdhd89HQMqPPVc
643710907,42728554,42:50.0,89,17:42:50,17:44:20,229284132,73613,Havells Power Capacitor,Havells Power Capacitor,Havells Power Capacitor,https://openapi.airtel.in/gateway/airtel-xchange/callv2/recording?token=jHsAtKxesFpFu5A1JUdLBtIw04lhooDoktGYhAWn1XtHY81CSRmxN2YK0GZLYU7m OqSrK0XDY2ZbdAbZib/g2d79bGQOQ9JYh3poQffYPs8sHglrMUdhd89HQMqPPVc
641476515,72509641,15:02.0,88,11:15:02,11:16:31,49060277,70626,,Sugarcane Juice Machine,Sugarcane Juice Machine,https://openapi.airtel.in/gateway/airtel-xchange/callv2/recording?token=jDNElsb9CiRJX/BcigFCNoabIalEuqtJ4CQrnrdx60I/Iqg5jbeIIGlVMlFDS/1AJhkFZX1EUn/8KL4FOsRwv5t7gIX/u6LTXrGteao8a9xsgRp 3CtKDba6WJAFAseS
641499481,152298969,12:37.0,88,12:12:37,12:14:05,121493527,70610,,Android POS Machine,Android POS Machine,https://openapi.airtel.in/gateway/airtel-xchange/callv2/recording?token=jDNElsb9CiRJX/BcigFCNoabIalEuqtJ4CQrnrdx60JhAnDuRwmswMzucuSFPX5Q4alTXfYTYHFdpUjQtKDkY0auh3l 9p2rmlzjKIGxoYJsgRp 3CtKDba6WJAFAseS
644867700,5057661,57:53.0,87,13:57:53,13:59:21,180979406,83905,,Flap Wheels,Flap Wheels,https://openapi.airtel.in/gateway/airtel-xchange/callv2/recording?token=9UqBYgzG6RCmdfoPKNthKNIw04lhooDoktGYhAWn1Xto2E9xcc4qU0Sedr80dXIODMUzdzfNebsfR7MxOpQFvmGWW1nYLtl oJhFW9HR6Nc8sHglrMUdhd89HQMqPPVc
648504023,72509641,10:35.0,86,16:10:35,16:12:02,257406947,70625,Mild Steel Sugarcane Juice Machine,Sugarcane Crusher,Sugarcane Crusher,https://openapi.airtel.in/gateway/airtel-xchange/callv2/recording?token=1SEni jCb0HJWYI1vEfeMNIw04lhooDoktGYhAWn1XvUrvXfyQ0nd51/6HFoZtJNzt1m6AJrxSwcs1LhJfLy D9O9a4sxDznFxfDqirog4I8sHglrMUdhd89HQMqPPVc
644686180,72509641,56:06.0,86,12:56:06,12:57:33,205252019,76976,,Sugarcane Juice Machine,Sugarcane Juice Machine,https://openapi.airtel.in/gateway/airtel-xchange/callv2/recording?token=DT52x9cNR7Ht9BngqO8dT9Iw04lhooDoktGYhAWn1XtOfFdZK2MqeyJTKivj07wWh2LzaxhbQY/GZzD8zKNuCmXoasLTJo3Xhp3zfUe/ohI8sHglrMUdhd89HQMqPPVc
644736152,72509641,31:09.0,85,17:31:09,17:32:35,256828522,97124,,Sugarcane Juice Machine,Sugarcane Juice Machine,https://openapi.airtel.in/gateway/airtel-xchange/callv2/recording?token=DT52x9cNR7Ht9BngqO8dT9Iw04lhooDoktGYhAWn1XsSTZ9H/i0M ZKZuBxpBhoWN a6iIFL0j2GVEvWkS3O21lETBF1fK/AWL1D/5u mx08sHglrMUdhd89HQMqPPVc
639924255,42728554,26:29.0,84,10:26:29,10:27:55,150185454,70743,16A MTS Geyser Thermostat,Geyser Thermostats,Geyser Thermostats,https://openapi.airtel.in/gateway/airtel-xchange/callv2/recording?token=iU kMXGVkrBg/184HAJy/oabIalEuqtJ4CQrnrdx60Js QhUj4nwbzfGnpBlCS2Ej/Z1AOjdssU1lwjbMbpMRLB1V7tlEc8VU4cq bqosIZsgRp 3CtKDba6WJAFAseS
638680281,5057661,58:36.0,84,17:58:36,18:00:01,17067378,73561,,Lustre Bars,Lustre Bars,https://openapi.airtel.in/gateway/airtel-xchange/callv2/recording?token=CY4XPoQCAVN7WieOcKhYddIw04lhooDoktGYhAWn1XtXjgfdkHS0uB qqIyvM5fBwpPwJC5 Jhufqf5MXZEUxVo lhsH9j/VOMNeQ/gm 048sHglrMUdhd89HQMqPPVc
639589640,42728554,16:07.0,84,16:16:07,16:17:32,116746592,70497,,Electric Drill,Electric Drill,https://openapi.airtel.in/gateway/airtel-xchange/callv2/recording?token=JOIH3u4EFer1AonxbOm6btIw04lhooDoktGYhAWn1XsZmkD6Ruo/2N8fHuxQBXUxzHpsiIqiPcbpQGqqAljIFUsouoP4g6qNA8taR34FloM8sHglrMUdhd89HQMqPPVc
644006524,24108739,20:42.0,84,10:20:42,10:22:07,120268108,70630,,Label Tape,Label Tape,https://openapi.airtel.in/gateway/airtel-xchange/callv2/recording?token=makFod6mQpBgToW3lplkxtIw04lhooDoktGYhAWn1XvpuBUsAWKxzcjRiZImAckrW8i6AKJ rrz3AtVvvOxLHcO3FKr62Cbb9YirfMo7x E8sHglrMUdhd89HQMqPPVc
640439732,42728554,00:01.0,83,17:00:01,17:01:25,245283500,70532,,Electric Drill,Electric Drill,https://openapi.airtel.in/gateway/airtel-xchange/callv2/recording?token=iVp15cP/HiegavrJlG 0k4abIalEuqtJ4CQrnrdx60Ke33T4bmx0erjWiqJTngPMH9MOYMiLrLg20DDG6B2p1nHZy15SpjmnvXWSokJO4gZsgRp 3CtKDba6WJAFAseS
642435751,5057661,50:17.0,83,16:50:17,16:51:40,132920267,70469,Ken Power Tools Angle Grinder,Electric Angle Grinder,Electric Angle Grinder,https://openapi.airtel.in/gateway/airtel-xchange/callv2/recording?token=qm0PHA6/yZ02Wb78/cMOQdIw04lhooDoktGYhAWn1XvDd/nNCmBfN9YRxX5U7fmZB/G9rfe SkyduzCU/P81Z7K6YQMgoX6Bwiayd0 WdRY8sHglrMUdhd89HQMqPPVc
647267983,42728554,43:54.0,82,17:43:54,17:45:17,72227690,73838,Gas Geyser Circuite/Ignitor / Lighter,Gas Geyser Spare Parts,Gas Geyser Spare Parts,https://openapi.airtel.in/gateway/airtel-xchange/callv2/recording?token=uO/KfeztLbgFhmVTZ1Db2IabIalEuqtJ4CQrnrdx60J1yTzHCskn4przxSdgulO3cii95fFcMOOFwCMDyxKBrRmnWI4JyZnwr3UR8eX7XfZsgRp 3CtKDba6WJAFAseS
640819587,72509641,28:02.0,81,12:28:02,12:29:24,74745381,70626,Garlic Peeling Machine,Garlic Peeling Machine,Garlic Peeling Machine,https://openapi.airtel.in/gateway/airtel-xchange/callv2/recording?token=XnYiM7iMiu6zrl6 BZQhk4abIalEuqtJ4CQrnrdx60Jnj1RgBoQQpnmO1phw8rb2aZ6A5UPxGi6nNChUiIbYmSZamgJ9Lt9fwdKUQdXDlWtsgRp 3CtKDba6WJAFAseS
646770741,42728554,40:10.0,81,14:40:10,14:41:31,46611124,70469,4 Stroke MOKPRO Brush Cutter 58CC,Brush Cutters,Brush Cutters,https://openapi.airtel.in/gateway/airtel-xchange/callv2/recording?token=rjWisXWdbw3v3BRYELOV1YabIalEuqtJ4CQrnrdx60KHatHzjyc5noCt8xLPa8nCSUy8rPFP E6nzEmhtNsaP9LqIBW4c3/8old28qT/pBsgRp 3CtKDba6WJAFAseS
642532404,5057661,58:15.0,80,10:58:15,10:59:35,21702929,70469,Sanding Belt,Sanding Belts,Sanding Belts,https://openapi.airtel.in/gateway/airtel-xchange/callv2/recording?token=0Oteys8wl5upA7YX3 3vfNIw04lhooDoktGYhAWn1Xt47NO327nLsVi cZv9tHCizuu7pRAgxa8Ba Hx DSm2PNLmJvQ1ZrJk3mGJ6q5X448sHglrMUdhd89HQMqPPVc
645837169,152298969,53:30.0,80,17:53:30,17:54:51,155331514,70456,,Thermal Receipt Printer,Thermal Receipt Printer,https://openapi.airtel.in/gateway/airtel-xchange/callv2/recording?token=7z/TrygyZeriRoC J5leYNIw04lhooDoktGYhAWn1Xu6KpUF6nMbDLLAMFEqifBwAl Zc oFqjS/b6cY944kFIMrOKL8aCkWt1yxPkxZ1FM8sHglrMUdhd89HQMqPPVc
639058746,152298969,58:43.0,80,13:58:43,14:00:03,218556470,77849,,Android POS Machine,Android POS Machine,https://openapi.airtel.in/gateway/airtel-xchange/callv2/recording?token=XxJmX9Wv6zdGE2o3NyzjfdIw04lhooDoktGYhAWn1XtBNA5FHsNq5MZ8WlmXugloNswzGRZIrdw/cTb3WyRH2sQLDbGvprHy d7qNxeH3AQ8sHglrMUdhd89HQMqPPVc
642939902,152298969,12:59.0,79,21:12:59,21:14:19,194020457,70624,,Android POS Machine,Android POS Machine,https://openapi.airtel.in/gateway/airtel-xchange/callv2/recording?token=zuDENsKHKbEXcCrdmFOOhNIw04lhooDoktGYhAWn1XvCEjbw hFG/ppxEniYMxsISEpWpwNDAPZDx6QauaJLX60VRqdDPt8FUB8S04DMrU88sHglrMUdhd89HQMqPPVc
643781993,24108739,33:39.0,79,10:33:39,10:34:58,18675249,97775,,Label Tape,Label Tape,https://openapi.airtel.in/gateway/airtel-xchange/callv2/recording?token=WgY5cEVUMKK2ftid8QDbO9Iw04lhooDoktGYhAWn1XttaDXNE7ci2TqpUzm6F7myXzmGkDTfLC8tz789seK67itOLxNIFqnIQMLY2titW908sHglrMUdhd89HQMqPPVc
638650286,152298969,17:46.0,79,15:17:46,15:19:05,255311872,70750,,Android POS Machine,Android POS Machine,https://openapi.airtel.in/gateway/airtel-xchange/callv2/recording?token=CY4XPoQCAVN7WieOcKhYddIw04lhooDoktGYhAWn1Xvf31VfMOPrOE c zkCMl5IVJkr WfIGbX1mxpPcCvkzAv034VqdiBx33LHp3i N6k8sHglrMUdhd89HQMqPPVc
645170929,5057661,53:48.0,78,17:53:48,17:55:08,27192160,73765,"14 inch magic Cutting Wheels, Advance",Cutting Wheels,Cutting Wheels,https://openapi.airtel.in/gateway/airtel-xchange/callv2/recording?token=bBQVO7WZjglGkvq41raz89Iw04lhooDoktGYhAWn1Xs Q0T7L55m70JxSTpPCt/3U4pRNFoLrwr5x8i0WOwoBckqgJeGRn9oFuui0ok6uDA8sHglrMUdhd89HQMqPPVc
645562530,5057661,02:05.0,78,15:02:05,15:03:24,210815527,70738,"Mangalam Mild Steel Welding Rod, 3.15 mm X 350 mm",Mangalam Mild Steel Welding Rod,Mangalam Mild Steel Welding Rod,https://openapi.airtel.in/gateway/airtel-xchange/callv2/recording?token=JA3YrJY3sx0JfDnC/rFhEdIw04lhooDoktGYhAWn1Xt62ANWjJi5k8vabebY9WnM7iQMJG6f3fPUVnXiX9uYqmwD/wx1A6C88qG63ItGy0g8sHglrMUdhd89HQMqPPVc
639536764,72509641,54:13.0,78,13:54:13,13:55:32,254280789,83754,Garlic Peeling Machine,Garlic Peeling Machine,Garlic Peeling Machine,https://openapi.airtel.in/gateway/airtel-xchange/callv2/recording?token=JOIH3u4EFer1AonxbOm6btIw04lhooDoktGYhAWn1Xtv Suq2oOCJFucUlS2WnAikEjbusnN2ADJdAv76634Ml GDNzf XNmI6eLl2Lvukk8sHglrMUdhd89HQMqPPVc
642444082,5057661,14:32.0,78,17:14:32,17:15:50,132920267,70469,Ken Power Tools Angle Grinder,Electric Angle Grinder,Electric Angle Grinder,https://openapi.airtel.in/gateway/airtel-xchange/callv2/recording?token=qm0PHA6/yZ02Wb78/cMOQdIw04lhooDoktGYhAWn1XsZn5UEnotzjHSohwZJumc75AnV /3TuAgo40zWB5YgszsotO7qNIQl3o/kwriFR2dGaLaO1HR9BJ2yJoCoPvV2
643027958,152298969,20:50.0,77,13:20:50,13:22:08,251167913,90500,,Android POS Machine,Android POS Machine,https://openapi.airtel.in/gateway/airtel-xchange/callv2/recording?token=2MTKLtE9QngumD6AFA4CstIw04lhooDoktGYhAWn1Xsa04wHOr A6Ya26i3fmmnPPq/lFaJnGrkbbDgqdTESEFzWLrpzKach/pCbr1nk3hY8sHglrMUdhd89HQMqPPVc
638860652,72509641,52:27.0,75,15:52:27,15:53:42,215017361,70626,,Sugarcane Juice Machine,Sugarcane Juice Machine,https://openapi.airtel.in/gateway/airtel-xchange/callv2/recording?token=79b0Nrl gx1QxXppNZggz9Iw04lhooDoktGYhAWn1Xugi5X5spp2LfuBKYxDZksiEWIYyKzQNsmtxHIiEam3PjE8fpbcVITZErNfNNZ5C tsgRp 3CtKDba6WJAFAseS
645893581,152298969,57:18.0,75,09:57:18,09:58:33,155331514,70456,,Thermal Receipt Printer,Thermal Receipt Printer,https://openapi.airtel.in/gateway/airtel-xchange/callv2/recording?token=2xqfLiZx3iRLDdSzWzow7dIw04lhooDoktGYhAWn1Xt/5y aDKRDDC/1aYbW4FFMGd01kFOk1VoOv7qEIpSQcOW8NsBH2X5uu2z01JnlpjI8sHglrMUdhd89HQMqPPVc
640812166,24108739,11:20.0,75,12:11:20,12:12:36,69815260,70490,Ferrule Printing Machine Supvan TP70E,Ferrule Printing Machine,Ferrule Printing Machine,https://openapi.airtel.in/gateway/airtel-xchange/callv2/recording?token=XnYiM7iMiu6zrl6 BZQhk4abIalEuqtJ4CQrnrdx60IU2rCT1Cc2yTIxPHIBh F05EX9 wuInAXxBzagKCrJBvkUllKLrDGaduxdafqto8BsgRp 3CtKDba6WJAFAseS
640613763,42728554,54:11.0,75,13:54:11,13:55:26,255825718,77145,,Electric Drill,Electric Drill,https://openapi.airtel.in/gateway/airtel-xchange/callv2/recording?token=//uS/DIfykfmvdPThY rvIabIalEuqtJ4CQrnrdx60JnOlTzcGXzI4W9R9Dq9mc9tZ3HPO9u KrxE6y48LZrBnMHuVV9mrpfxyCNGgLWqKtsgRp 3CtKDba6WJAFAseS
647275719,72509641,11:07.0,75,18:11:07,18:12:23,213810738,70626,,Sugarcane Juice Machine,Sugarcane Juice Machine,https://openapi.airtel.in/gateway/airtel-xchange/callv2/recording?token=uO/KfeztLbgFhmVTZ1Db2IabIalEuqtJ4CQrnrdx60LbSIvYsJpInxVV6jsQrF6TnGIWaEXmbtKoayOLwUr/H6N45g1D5Fhoz5YFgNqZZqZsgRp 3CtKDba6WJAFAseS
645189222,24108739,10:29.0,74,19:10:29,19:11:44,251868675,70772,,Label Tape,Label Tape,https://openapi.airtel.in/gateway/airtel-xchange/callv2/recording?token=bBQVO7WZjglGkvq41raz89Iw04lhooDoktGYhAWn1Xvwke/HpjCcl1mn4qqd63ZDWoMNNWjFYJ6ZtT75NvnONjIa2dBAYiD2Fbq0vY5vOI5sgRp 3CtKDba6WJAFAseS
639800568,152298969,03:20.0,74,15:03:20,15:04:35,17540813,70467,Shreyans SRS58B Bluetooth Receipt Printer,Bluetooth Printer,Bluetooth Printer,https://openapi.airtel.in/gateway/airtel-xchange/callv2/recording?token=imxJlZS0jW8R7tAqoEnqNtIw04lhooDoktGYhAWn1Xt1PzPz GoZTlBNznr3Yjbp2e5zM9udF5uz2/ziKv9Ceo4Xb4QfWMy4LSNYFgymCuBsgRp 3CtKDba6WJAFAseS
647435234,152298969,20:54.0,73,15:20:54,15:22:07,195792020,70627,,Android POS Machine,Android POS Machine,https://openapi.airtel.in/gateway/airtel-xchange/callv2/recording?token= o5N2L8VJ72KOQXGqSsiK4abIalEuqtJ4CQrnrdx60IxxaCL7lYmeQXuoycNt8Km0OG79IaTyRHFg3jKzEbQQtIJ9JGXB2pvUy0LHWqrnIPxQQQrPAlsRQpImVcgwjUG
645659518,42728554,19:01.0,72,22:19:01,22:20:14,184075734,84186,"MOKPRO Miter saw machine 10inch, 14 inch, 1800w",Miter Saw,Miter Saw,https://openapi.airtel.in/gateway/airtel-xchange/callv2/recording?token=JA3YrJY3sx0JfDnC/rFhEdIw04lhooDoktGYhAWn1XtkY mTcWrABN1AE96SMRDXuoWqgLqVunFk7GWY25lc058FBa/NzH/tO2KIt36gQ3M8sHglrMUdhd89HQMqPPVc
641372528,42728554,47:13.0,72,16:47:13,16:48:25,254436520,70469,,Electric Drill,Electric Drill,https://openapi.airtel.in/gateway/airtel-xchange/callv2/recording?token=fveH9k1B8PDwukJz tCIqoabIalEuqtJ4CQrnrdx60Ih4/BjnY6OZV5L/xPgNGefgml/o6M /B0e0/3e3i54cqKscYgl2VLXMG8nvqOolO1sgRp 3CtKDba6WJAFAseS
648210716,152298969,18:54.0,72,13:18:54,13:20:06,238617305,73568,SHREYANS SRS-KP307 3 inch Thermal Printer with Autocutter (USB+Bluetooth),Thermal Printer,Thermal Printer,https://openapi.airtel.in/gateway/airtel-xchange/callv2/recording?token=wgYpjiPFX1U2TfGeHCmtPtIw04lhooDoktGYhAWn1Xv16fGAjJ9ogVFWHt1r5fujPzae CC5AzZpx9S8grmcwRVKDJWvnmw9PVk3MnOGsJg8sHglrMUdhd89HQMqPPVc
640567919,24108739,06:23.0,71,12:06:23,12:07:34,9007991,70610,Casio Label Tape,Casio Printer Consumables,Casio Printer Consumables,https://openapi.airtel.in/gateway/airtel-xchange/callv2/recording?token=//uS/DIfykfmvdPThY rvIabIalEuqtJ4CQrnrdx60JR5egQnlAZTNZcy3d8yOQwFN nZSSudCbrvYpuA2Oy3lzHPJ XiAzdMkAy2xWG3T5sgRp 3CtKDba6WJAFAseS
643001456,24108739,10:42.0,71,12:10:42,12:11:54,43433778,70624,,Label Tape,Label Tape,https://openapi.airtel.in/gateway/airtel-xchange/callv2/recording?token=2MTKLtE9QngumD6AFA4CstIw04lhooDoktGYhAWn1Xt2BjdYqaS9pDZK1XytzpsrxLG/1VqipGsPNJbFx6DbqCBf 8AW8JOj5giptO2qxVw8sHglrMUdhd89HQMqPPVc
644008838,24108739,29:33.0,71,10:29:33,10:30:45,120268108,70630,,Label Tape,Label Tape,https://openapi.airtel.in/gateway/airtel-xchange/callv2/recording?token=makFod6mQpBgToW3lplkxtIw04lhooDoktGYhAWn1Xsde2Xb6BR8IHL5FSujJOvqO2nJVFWOoE2Q9ASz93932i/20Bs0ISbDp WoTeJpTeg8sHglrMUdhd89HQMqPPVc
643954320,5057661,37:53.0,70,18:37:53,18:39:04,184159322,78576,Prima Welding Rods,Mild Steel Welding Rod,Mild Steel Welding Rod,https://openapi.airtel.in/gateway/airtel-xchange/callv2/recording?token=WgY5cEVUMKK2ftid8QDbO9Iw04lhooDoktGYhAWn1XuyVWqQDyZ76 a5EseBQrbNzOuyju1TiMUDP8UnrE97fqAFL HBqedVXo4mwA3dKrc8sHglrMUdhd89HQMqPPVc
645519421,152298969,03:53.0,70,13:03:53,13:05:04,236205498,70620,Shreyans KP306 Thermal Receipt Printer (3inch) with USB + Bluetooth Connectivity,Thermal Receipt Printer,Thermal Receipt Printer,https://openapi.airtel.in/gateway/airtel-xchange/callv2/recording?token=JA3YrJY3sx0JfDnC/rFhEdIw04lhooDoktGYhAWn1XvSKFxhCqSNNXHrCBfDQIOnDYvG7OcLqCJbENya jIQ2xAdJyDDFJd0EiOrviTZbQM8sHglrMUdhd89HQMqPPVc
641813606,152298969,46:17.0,70,09:46:17,09:47:27,255364043,70496,,Android POS Machine,Android POS Machine,https://openapi.airtel.in/gateway/airtel-xchange/callv2/recording?token=byONy9xc8XfRD60CGbNkU9Iw04lhooDoktGYhAWn1XuGw3GJwliuJbfyS TsNjYH1Aif4yyzlHd5dpeBy sy7EiqTKcsqe0aOAKU QmfTUc8sHglrMUdhd89HQMqPPVc
643102744,72509641,12:57.0,69,17:12:57,17:14:06,30140010,73750,,Sugarcane Juice Machine,Sugarcane Juice Machine,https://openapi.airtel.in/gateway/airtel-xchange/callv2/recording?token=2MTKLtE9QngumD6AFA4CstIw04lhooDoktGYhAWn1XtoFf5JphKITGO7DBjBaCWg7VI4cfz6mncyZGyZxCYncF7v2mSJUZrDFovZKl8oP6M8sHglrMUdhd89HQMqPPVc
646413800,72509641,49:32.0,68,19:49:32,19:50:41,77632251,70626,"Popcorn Making Machine, 50 kg/hr",Industrial Popcorn Machine,Industrial Popcorn Machine,https://openapi.airtel.in/gateway/airtel-xchange/callv2/recording?token=iIQy8ACprD44GX 8iZxwpIabIalEuqtJ4CQrnrdx60In48kOARF dMG50tp1d9rV9Y07HVtYfHcLvVA8OmyA/7Jc2WCsUePv4Pu6DKBumChsgRp 3CtKDba6WJAFAseS
641571980,5057661,31:15.0,67,15:31:15,15:32:22,191704086,70751,"6 Inches Kangaroo Flap Wheel, For Finishing, Grit: 36",Abrasive Wheels,Abrasive Wheels,https://openapi.airtel.in/gateway/airtel-xchange/callv2/recording?token=jDNElsb9CiRJX/BcigFCNoabIalEuqtJ4CQrnrdx60ITRNl I16P/hOy9D7Dsz/Gve8Jhmx1YX3PIwsNFzLDj3QIGl5mQRWcvccRIZVpHhdsgRp 3CtKDba6WJAFAseS
644248382,42728554,11:36.0,67,11:11:36,11:12:44,35406520,70469,Gas Geyser Circuite/Ignitor / Lighter,Gas Geyser Spare Parts,Gas Geyser Spare Parts,https://openapi.airtel.in/gateway/airtel-xchange/callv2/recording?token=qhWxsayT0THlrs fReXIC9Iw04lhooDoktGYhAWn1XvyHeF8yvwCWS6Lkt22qpXOht3Z7rYniEdc23q9wdi7G8DT1953BZSB61MNTol7uDk8sHglrMUdhd89HQMqPPVc
644857073,42728554,27:51.0,67,13:27:51,13:28:59,42695090,70469,250V Capillary Geyser Thermostat,Capillary Thermostat,Capillary Thermostat,https://openapi.airtel.in/gateway/airtel-xchange/callv2/recording?token=9UqBYgzG6RCmdfoPKNthKNIw04lhooDoktGYhAWn1Xv99rYff3oQB CvD6zqum8tMqJ2UjCl4dhqmd762S2Z9MuFM4ut0QOkV0lI/BCxkH88sHglrMUdhd89HQMqPPVc
647868400,72509641,33:54.0,66,19:33:54,19:35:01,119175333,70626,Band Sealing Machine,Band Sealing Machine,Band Sealing Machine,https://openapi.airtel.in/gateway/airtel-xchange/callv2/recording?token=IQhFiJ8gm58RJR13Fyj IabIalEuqtJ4CQrnrdx60IhzAcENpjKeq Hdq7XHe0PZOT9cC3ax8mv5i7LiHrOPL/AhMyz mUgnCSq1YtmhW1sgRp 3CtKDba6WJAFAseS
648451171,42728554,44:06.0,66,13:44:06,13:45:13,209356540,70624,1200 Watt Vacuum Cleaner 30 Ltr,Vacuum Cleaner,Vacuum Cleaner,https://openapi.airtel.in/gateway/airtel-xchange/callv2/recording?token=1SEni jCb0HJWYI1vEfeMNIw04lhooDoktGYhAWn1XuHa4gGDvVOpYzOHjuS7WgsxSazfKKBhPH4pmqxglrWv CDwMKwAFRXEqw8jwZoQtU8sHglrMUdhd89HQMqPPVc
645266342,5057661,57:07.0,66,11:57:07,11:58:14,244761398,70461,,Flap Wheels,Flap Wheels,https://openapi.airtel.in/gateway/airtel-xchange/callv2/recording?token=V7zl3SNuMWRmJM3comXoUtIw04lhooDoktGYhAWn1XuCUDzYAI7U1J6solA JjJW1A2AMM5yBhhre/65SPz6hVHTCbzGRoGS4Xxb1ORviWI8sHglrMUdhd89HQMqPPVc
646747691,152298969,34:12.0,65,13:34:12,13:35:17,27417784,70538,Shreyans SRS58B Bluetooth Receipt Printer,Bluetooth Printer,Bluetooth Printer,https://openapi.airtel.in/gateway/airtel-xchange/callv2/recording?token=rjWisXWdbw3v3BRYELOV1YabIalEuqtJ4CQrnrdx60LuwNhX9e8gnk5IAkcFNIa/wzUWUI8YxiI ixResx5EGQhEY3alyeI9KGQHWStfPrJsgRp 3CtKDba6WJAFAseS
647377483,152298969,32:47.0,65,12:32:47,12:33:52,121466293,70624,Shreyans Direct Thermal Label,Direct Thermal Labels,Direct Thermal Labels,https://openapi.airtel.in/gateway/airtel-xchange/callv2/recording?token= o5N2L8VJ72KOQXGqSsiK4abIalEuqtJ4CQrnrdx60I7ACdAIjFyXLOiwILsAhTfrWlTn/TU yEwA2nqG UAz8fPFkX//dNHURAXqIVY7h5sgRp 3CtKDba6WJAFAseS
641039804,152298969,54:04.0,64,11:54:04,11:55:08,107561453,73675,,Android POS Machine,Android POS Machine,https://openapi.airtel.in/gateway/airtel-xchange/callv2/recording?token=HcD0nkvNMmf2ehzgISCH64abIalEuqtJ4CQrnrdx60LIsjVnM1qSViKvjzV5EA35L8O3fhZWXuCCURSIsSK8S g8XVTk9AgnyHC8HKlrkoFsgRp 3CtKDba6WJAFAseS
644582354,42728554,55:50.0,64,16:55:50,16:56:55,68347652,78169,,Electric Drill,Electric Drill,https://openapi.airtel.in/gateway/airtel-xchange/callv2/recording?token=Fsyd1DGe ApO3WV0LB0PDtIw04lhooDoktGYhAWn1XsrifT8pV39j0l2BtCGvmog1T8p7Vuk9q tz/Ngyq9PhRY13yF3P7GvsbCuyZRMCPI8sHglrMUdhd89HQMqPPVc
638669797,72509641,59:33.0,63,16:59:33,17:00:36,145710803,70626,,Sugarcane Juice Machine,Sugarcane Juice Machine,https://openapi.airtel.in/gateway/airtel-xchange/callv2/recording?token=CY4XPoQCAVN7WieOcKhYddIw04lhooDoktGYhAWn1Xs267S D6zhD2W8PrWQ7dpAH3KXy/Ar2ZhQRxml88iu5lfXbTLqRWyi20z89PAXg w8sHglrMUdhd89HQMqPPVc
639396599,152298969,45:07.0,63,18:45:07,18:46:11,195934901,70630,Shreyans SRS80D Portable and Mobile Label Printer,Portable Label Printer,Portable Label Printer,https://openapi.airtel.in/gateway/airtel-xchange/callv2/recording?token=PHwtBLTMEFRGQonbxgMkyNIw04lhooDoktGYhAWn1XsSyCdSfSsZlehx1YVEs6Yvnw2XnFkNFlrzFPQ8XFmj1z0P0edBiwo5/SXbBlpNxSY8sHglrMUdhd89HQMqPPVc
639271912,72509641,49:55.0,63,12:49:55,12:50:59,84338326,79024,,Sugarcane Juice Machine,Sugarcane Juice Machine,https://openapi.airtel.in/gateway/airtel-xchange/callv2/recording?token=PHwtBLTMEFRGQonbxgMkyNIw04lhooDoktGYhAWn1XvInYm/eH9ud1UO9LmilAosWhSNQ1lE9iAFJwYXcUofAH5uS2DiSozThGLuXq3Ssl88sHglrMUdhd89HQMqPPVc
646053919,72509641,29:59.0,63,18:29:59,18:31:03,85033937,79147,"Garlic Peeling Machine, Stainless Steel",Garlic Peeling Machine,Garlic Peeling Machine,https://openapi.airtel.in/gateway/airtel-xchange/callv2/recording?token=2xqfLiZx3iRLDdSzWzow7dIw04lhooDoktGYhAWn1XsMFBTc6D3yuUGoqYp7ICp0JOgIVDuoAMhDfXCA4oQyzsWKTsOQUHgqA8FQXEe4LMI8sHglrMUdhd89HQMqPPVc
647207360,72509641,40:45.0,63,14:40:45,14:41:49,213810738,70626,,Sugarcane Juice Machine,Sugarcane Juice Machine,https://openapi.airtel.in/gateway/airtel-xchange/callv2/recording?token=uO/KfeztLbgFhmVTZ1Db2IabIalEuqtJ4CQrnrdx60LfDZ2zuS0O1OIgf0JV/zYpA QN6jCWC gN/qmZ1/SI5g/tPjGTAgDI7aWgh61roCxsgRp 3CtKDba6WJAFAseS
644802070,72509641,10:10.0,62,11:10:10,11:11:13,205252019,76976,,Sugarcane Juice Machine,Sugarcane Juice Machine,https://openapi.airtel.in/gateway/airtel-xchange/callv2/recording?token=9UqBYgzG6RCmdfoPKNthKNIw04lhooDoktGYhAWn1XuH0g5FJxX6pNfqeMkYN 7XMgO SMO WraiDhxNaDiTdm1WJfda9/brB560kWZZ8C88sHglrMUdhd89HQMqPPVc
647110808,72509641,02:24.0,62,10:02:24,10:03:27,243238626,70636,Garlic Peeling Machine,Garlic Peeling Machine,Garlic Peeling Machine,https://openapi.airtel.in/gateway/airtel-xchange/callv2/recording?token=uO/KfeztLbgFhmVTZ1Db2IabIalEuqtJ4CQrnrdx60LB4pchclSCg0a0h/6mplIenToUvCG1YLZ8et8g2t4zDtJ2cg1cE1FOby0fe7VQcnZsgRp 3CtKDba6WJAFAseS
645816095,5057661,45:39.0,61,16:45:39,16:46:41,185302135,82770,,Flap Wheels,Flap Wheels,https://openapi.airtel.in/gateway/airtel-xchange/callv2/recording?token=7z/TrygyZeriRoC J5leYNIw04lhooDoktGYhAWn1XtKpyoVT1cdA2XTGVRi1tao/barGuzNdp2I4Gp/0XJ77sZtZrPH7PSMCLAI 6uGx 88sHglrMUdhd89HQMqPPVc